código,municipio,departamento,mesas,total_mesas,votantes,total_votantes,votos_por_candidato,votos_en_blanco,votos_nulos,votos_no_marcados,iván duque,gustavo petro,dane
60010,El Encanto,Amazonas,3,3,296,776,288,3,2,3,107,181,91263
60013,La Chorrera,Amazonas,3,3,563,969,560,2,1,0,78,482,91405
60016,La Pedrera,Amazonas,3,3,249,965,248,1,0,0,66,182,91407
60017,La Victoria,Amazonas,1,1,17,61,16,1,0,0,5,11,91430
60001,Leticia,Amazonas,93,97,15198,36216,14611,421,134,32,8370,6241,91001
60019,Miriti Parana,Amazonas,2,2,84,456,84,0,0,0,12,72,91460
60030,Puerto Alegria,Amazonas,1,1,73,264,72,0,0,1,32,40,91530
60040,Puerto Arica,Amazonas,2,2,145,450,142,2,0,1,58,84,91536
60007,Puerto Nariño,Amazonas,12,12,2138,4456,2081,30,21,6,874,1207,91540
60021,Puerto Santander,Amazonas,2,2,166,595,163,2,1,0,48,115,91669
60022,Tarapaca,Amazonas,4,4,432,1356,420,7,3,2,146,274,91798
01004,Abejorral,Antioquia,44,44,7397,14967,7119,174,68,36,6572,547,5002
01007,Abriaqui,Antioquia,6,6,1056,1913,1018,27,1,10,975,43,5004
01010,Alejandria,Antioquia,12,12,2343,4549,2234,84,14,11,2018,216,5021
01013,Amaga,Antioquia,59,60,10578,22350,9749,580,210,39,8075,1674,5030
01016,Amalfi,Antioquia,47,47,6392,17182,5922,354,93,23,5162,760,5031
01019,Andes,Antioquia,80,88,14968,34753,14312,464,167,25,12441,1871,5034
01022,Angelopolis,Antioquia,17,17,2677,5812,2552,89,26,10,2284,268,5036
01025,Angostura,Antioquia,25,26,3217,9079,2972,139,82,24,2708,264,5038
01028,Anori,Antioquia,34,34,3325,11628,3043,220,38,24,2217,826,5040
01031,Antioquia,Antioquia,59,59,10271,20540,9507,511,201,52,7737,1770,5042
01034,Anza,Antioquia,16,17,2758,5771,2656,69,22,11,2463,193,5044
01035,Apartado,Antioquia,232,241,41539,92620,38939,1951,565,84,18538,20401,5045
01037,Arboletes,Antioquia,60,63,10490,22416,10208,159,93,30,6284,3924,5051
01039,Argelia,Antioquia,21,21,3334,6570,3258,54,14,8,3124,134,5055
01040,Armenia,Antioquia,13,13,2068,4688,1954,68,37,9,1739,215,5059
01043,Barbosa,Antioquia,109,111,20518,40499,18543,1203,517,255,14229,4314,5079
01049,Bello,Antioquia,812,819,179755,331836,165336,10898,3311,210,123947,41389,5088
01046,Belmira,Antioquia,15,15,2269,4750,2126,100,32,11,1904,222,5086
01052,Betania,Antioquia,20,23,3031,8342,2951,47,25,8,2706,245,5091
01055,Betulia,Antioquia,37,37,6284,13332,6079,122,57,26,5784,295,5093
01058,Bolivar,Antioquia,63,66,11215,23836,10782,318,88,27,9678,1104,5101
01062,Briceño,Antioquia,22,22,2210,6610,1960,156,62,32,1360,600,5107
01061,Buritica,Antioquia,21,21,2930,7299,2729,120,57,24,2211,518,5113
01064,Caceres,Antioquia,54,54,5556,19548,5314,140,79,23,2853,2461,5120
01067,Caicedo,Antioquia,17,17,3134,6267,2984,94,34,22,2659,325,5125
01070,Caldas,Antioquia,168,172,36453,63501,32405,2857,1123,68,24024,8381,5129
01073,Campamento,Antioquia,19,19,1934,6625,1833,68,19,14,1581,252,5134
01078,Caracoli,Antioquia,15,15,1854,4710,1746,83,21,4,1448,298,5142
01079,Caramanta,Antioquia,15,15,2432,4992,2299,93,33,7,1947,352,5145
01080,Carepa,Antioquia,116,117,18048,42614,17025,700,279,44,8632,8393,5147
01082,Carmen De Viboral,Antioquia,101,101,23960,36226,22170,1278,447,65,16807,5363,5148
01085,Carolina,Antioquia,12,12,1899,4049,1754,104,39,2,1515,239,5150
01088,Caucasia,Antioquia,191,192,29634,68594,27932,1063,568,71,16018,11914,5154
01076,Cañasgordas,Antioquia,37,37,7262,13434,6955,192,95,20,6434,521,5138
01106,Chigorodo,Antioquia,103,104,19133,46034,18004,745,329,55,8939,9065,5172
01091,Cisneros,Antioquia,31,31,5070,11528,4666,284,96,24,3902,764,5190
01094,Cocorna,Antioquia,38,38,7614,13259,7377,162,53,22,6749,628,5197
01097,Concepcion,Antioquia,12,12,2229,4294,2142,61,17,9,1974,168,5206
01100,Concordia,Antioquia,43,43,6906,15881,6620,205,50,31,6120,500,5209
01103,Copacabana,Antioquia,176,178,36264,66571,33011,2441,756,56,23802,9209,5212
01109,Dabeiba,Antioquia,48,48,6620,17541,6253,205,123,39,4581,1672,5234
01112,Don Matias,Antioquia,47,47,9098,17033,8604,380,95,19,7706,898,5237
01115,Ebejico,Antioquia,32,32,5416,11258,5077,174,69,96,4599,478,5240
01117,El Bagre,Antioquia,98,99,12373,36574,11648,493,199,33,7767,3881,5250
01118,Entrerrios,Antioquia,22,23,4412,8462,4078,277,48,9,3556,522,5264
01121,Envigado,Antioquia,605,605,145705,241042,135100,8713,1774,118,109059,26041,5266
01124,Fredonia,Antioquia,52,53,7767,18205,7181,413,145,28,5838,1343,5282
01127,Frontino,Antioquia,45,51,5566,16854,5153,246,131,36,4152,1001,5284
01130,Giraldo,Antioquia,10,12,2047,4342,1925,89,28,5,1461,464,5306
01133,Girardota,Antioquia,121,132,23512,49817,21029,1766,663,54,14937,6092,5308
01136,Gomez Plata,Antioquia,24,24,4202,8435,3972,142,69,19,3589,383,5310
01139,Granada,Antioquia,28,28,5337,10039,5126,159,35,17,4712,414,5313
01140,Guadalupe,Antioquia,18,18,2083,5752,1909,109,38,27,1545,364,5315
01142,Guarne,Antioquia,93,96,22269,34883,20566,1293,357,53,16903,3663,5318
01145,Guatape,Antioquia,17,18,4327,6871,4102,174,45,6,3423,679,5321
01148,Heliconia,Antioquia,17,18,2578,6032,2426,95,48,9,2154,272,5347
01150,Hispania,Antioquia,15,15,2449,5366,2336,90,17,6,1976,360,5353
01151,Itagui,Antioquia,613,627,135626,253471,124194,8634,2597,201,95247,28947,5360
01154,Ituango,Antioquia,56,57,4303,17607,3776,336,120,71,2569,1207,5361
01157,Jardin,Antioquia,31,34,6853,12392,6492,296,50,15,5133,1359,5364
01160,Jerico,Antioquia,29,30,5995,11033,5718,193,68,16,5106,612,5368
01163,La Ceja,Antioquia,111,117,30775,47648,28249,1856,602,68,23185,5064,5376
01166,La Estrella,Antioquia,142,142,32017,58076,29088,2225,665,39,21947,7141,5380
01170,La Pintada,Antioquia,18,19,3378,6961,3221,101,44,12,2689,532,5390
01169,La Union,Antioquia,46,46,10996,17164,10322,496,154,24,8629,1693,5400
01172,Liborina,Antioquia,24,26,4550,9118,4307,184,47,12,3852,455,5411
01175,Maceo,Antioquia,20,21,3548,7719,3371,130,37,10,2893,478,5425
01178,Marinilla,Antioquia,90,94,25701,41281,24174,1151,334,42,19218,4956,5440
01001,Medellin,Antioquia,3919,4048,942012,1588150,871114,57189,12643,1066,669970,201144,5001
01181,Montebello,Antioquia,17,17,3017,6185,2807,135,53,22,2465,342,5467
01184,Murindo,Antioquia,9,10,1132,3010,1108,9,7,8,138,970,5475
01187,Mutata,Antioquia,29,30,4026,10699,3857,88,67,14,2292,1565,5480
01190,Nariño,Antioquia,26,27,3968,8821,3874,65,15,14,3713,161,5483
01191,Nechi,Antioquia,49,51,5008,18198,4875,84,42,7,3584,1291,5495
01192,Necocli,Antioquia,91,91,12927,33425,12369,268,145,145,8124,4245,5490
01193,Olaya,Antioquia,8,9,1398,2914,1339,40,13,6,1186,153,5501
01199,Peque,Antioquia,18,19,2933,6063,2708,110,51,64,2273,435,5543
01196,Peñol,Antioquia,43,43,9527,16308,9102,316,96,13,7959,1143,5541
01202,Pueblorrico,Antioquia,19,19,3502,7106,3389,76,27,10,3044,345,5576
01205,Puerto Berrio,Antioquia,95,95,14071,34079,13068,637,326,40,9603,3465,5579
01168,Puerto Nare-La Magdalena,Antioquia,33,35,5121,11937,4929,97,83,12,3227,1702,5585
01206,Puerto Triunfo,Antioquia,38,38,7321,13768,7010,201,89,21,5970,1040,5591
01208,Remedios,Antioquia,49,49,5562,18027,4924,454,152,32,2952,1972,5604
01211,Retiro,Antioquia,45,45,12015,17049,11298,562,131,24,9830,1468,5607
01214,Rionegro,Antioquia,250,270,63965,103860,59225,3568,1088,84,47375,11850,5615
01217,Sabanalarga,Antioquia,19,19,3463,7134,3296,115,36,16,3001,295,5628
01218,Sabaneta,Antioquia,172,173,45100,70193,41859,2690,515,36,32853,9006,5631
01220,Salgar,Antioquia,36,37,6149,13482,5972,125,40,12,5634,338,5642
01223,San Andres,Antioquia,18,18,2151,5255,1971,92,61,27,1714,257,5647
01226,San Carlos,Antioquia,38,39,7134,14045,6799,224,87,24,5800,999,5649
01227,San Francisco,Antioquia,17,17,2799,6182,2713,49,26,11,2385,328,5652
01229,San Jeronimo,Antioquia,34,34,6450,12393,6121,240,78,11,5512,609,5656
01230,San Jose De La Montaña,Antioquia,9,9,1550,3122,1433,79,23,15,1280,153,5658
01231,San Juan De Uraba,Antioquia,44,50,6487,17747,6317,103,43,24,3752,2565,5659
01232,San Luis,Antioquia,31,31,6102,11011,5879,167,39,17,5232,647,5660
01235,San Pedro,Antioquia,55,55,11647,20146,10906,567,153,21,9677,1229,5664
01237,San Pedro De Uraba,Antioquia,69,69,10576,25750,10251,228,74,23,8010,2241,5665
01238,San Rafael,Antioquia,33,33,6240,12273,5892,234,93,21,5058,834,5667
01241,San Roque,Antioquia,41,41,7130,14772,6761,218,104,47,6070,691,5670
01244,San Vicente,Antioquia,48,48,10153,16236,9717,287,123,26,8327,1390,5674
01247,Santa Barbara,Antioquia,62,63,10523,22126,9773,508,215,27,8065,1708,5679
01250,Santa Rosa De Osos,Antioquia,73,73,15497,26407,14313,756,362,66,12619,1694,5686
01253,Santo Domingo,Antioquia,29,29,4696,9172,4422,159,80,35,3890,532,5690
01256,Santuario,Antioquia,74,74,18244,27101,17483,526,124,111,15693,1790,5697
01259,Segovia,Antioquia,72,74,7353,27130,6466,625,238,24,2648,3818,5736
01262,Sonson,Antioquia,79,86,14038,26908,13472,390,147,29,12474,998,5756
01265,Sopetran,Antioquia,36,36,5968,12280,5565,281,109,13,4510,1055,5761
01268,Tamesis,Antioquia,38,40,7337,14424,6899,317,100,21,5765,1134,5789
01270,Taraza,Antioquia,71,71,5480,25880,5049,253,150,28,2698,2351,5790
01271,Tarso,Antioquia,16,16,2510,5894,2414,64,21,11,1887,527,5792
01274,Titiribi,Antioquia,26,26,3650,8672,3389,172,76,13,2941,448,5809
01277,Toledo,Antioquia,12,13,1636,4502,1427,126,60,23,1170,257,5819
01280,Turbo,Antioquia,223,224,36539,85106,34935,1006,511,87,17794,17141,5837
01282,Uramita,Antioquia,17,18,2671,6353,2465,142,47,17,2222,243,5842
01283,Urrao,Antioquia,63,63,8729,22724,8195,374,117,43,6904,1291,5847
01286,Valdivia,Antioquia,32,32,3306,11987,3050,155,68,33,2085,965,5854
01289,Valparaiso,Antioquia,17,17,2775,5656,2571,133,58,13,2049,522,5856
01290,Vegachi,Antioquia,28,28,4111,10324,3917,119,55,20,3572,345,5858
01292,Venecia,Antioquia,32,33,4893,11084,4670,159,55,9,4034,636,5861
01291,Vigia Del Fuerte,Antioquia,18,20,1875,6068,1779,69,16,11,660,1119,5873
01293,Yali,Antioquia,16,16,2627,6094,2503,82,32,10,2146,357,5885
01295,Yarumal,Antioquia,86,86,14481,33089,13415,719,284,63,11397,2018,5887
01298,Yolombo,Antioquia,43,44,6234,15720,5890,223,87,34,5028,862,5890
01300,Yondo-Casabe,Antioquia,36,37,6903,12961,6440,248,201,14,3503,2937,5893
01301,Zaragoza,Antioquia,49,52,5312,19182,4985,184,118,25,3168,1817,5895
40001,Arauca,Arauca,185,185,36015,70548,34318,1208,430,59,28788,5530,81001
40010,Arauquita,Arauca,80,81,12520,28989,11779,412,280,49,5183,6596,81065
40015,Cravo Norte,Arauca,10,10,1506,3637,1450,44,7,5,1324,126,81220
40017,Fortul,Arauca,31,31,5689,11663,5341,208,123,17,1862,3479,81300
40020,Puerto Rondon,Arauca,16,16,1722,3820,1667,31,14,10,1500,167,81591
40025,Saravena,Arauca,93,93,17165,34492,16060,680,384,41,9218,6842,81736
40005,Tame,Arauca,97,97,18417,34040,17455,623,274,65,11498,5957,81794
03004,Baranoa,Atlantico,127,127,23592,47096,23002,414,152,24,8435,14567,8078
03001,Barranquilla,Atlantico,2791,2797,446984,1066702,432648,11441,2404,491,190755,241893,8001
03007,Campo De La Cruz,Atlantico,54,54,8221,20612,8064,104,46,7,5779,2285,8137
03010,Candelaria,Atlantico,34,34,5234,12514,5143,57,23,11,3789,1354,8141
03013,Galapa,Atlantico,105,105,15970,38793,15516,318,125,11,5719,9797,8296
03016,Juan De Acosta,Atlantico,51,51,8494,18541,8292,143,50,9,5074,3218,8372
03019,Luruaco,Atlantico,67,67,9340,24168,9097,148,71,24,5647,3450,8421
03022,Malambo,Atlantico,203,203,32535,81189,31744,540,223,28,11660,20084,8433
03025,Manati,Atlantico,38,38,5492,14291,5358,93,35,6,3941,1417,8436
03028,Palmar De Varela,Atlantico,55,55,9345,20785,9099,169,64,13,3116,5983,8520
03031,Piojo,Atlantico,17,17,2519,5548,2411,25,76,7,1362,1049,8549
03034,Polonuevo,Atlantico,35,35,7109,13033,6918,110,64,17,2230,4688,8558
03035,Ponedera,Atlantico,51,51,7776,18526,7617,91,58,10,4471,3146,8560
03037,Puerto Colombia,Atlantico,94,94,16206,34795,15761,345,95,5,6841,8920,8573
03040,Repelon,Atlantico,54,54,9051,19147,8830,134,62,25,5643,3187,8606
03043,Sabanagrande,Atlantico,63,63,11809,23704,11484,225,90,10,4709,6775,8634
03046,Sabanalarga,Atlantico,180,180,34024,67099,33055,617,312,40,14589,18466,8638
03047,Santa Lucia,Atlantico,30,30,5402,11057,5337,40,21,4,3877,1460,8675
03049,Santo Tomas,Atlantico,72,72,12346,26967,12002,270,60,14,4390,7612,8685
03052,Soledad,Atlantico,726,727,119339,275722,116291,2176,793,79,42619,73672,8758
03055,Suan,Atlantico,27,27,4572,10218,4481,74,15,2,3108,1373,8770
03058,Tubara,Atlantico,29,29,5334,9943,5217,72,36,9,2188,3029,8832
03061,Usiacuri,Atlantico,21,21,4226,7961,4095,76,51,4,2119,1976,8849
16001,Bogotá D.C.,Bogotá D.C.,13806,14420,3400698,5702805,3173729,188736,36726,1507,1371574,1802155,11001
05004,Achi,Bolivar,56,56,8381,16609,8296,49,25,11,7101,1195,13006
05006,Altos Del Rosario,Bolivar,15,20,1869,6897,1835,21,10,3,1311,524,13030
05005,Arenal,Bolivar,16,19,2103,5789,2073,24,5,1,1237,836,13042
05007,Arjona,Bolivar,133,136,22860,53278,22172,454,207,27,10345,11827,13052
05009,Arroyo Hondo,Bolivar,27,27,3384,8758,3334,20,24,6,2769,565,13062
05010,Barranco De Loba,Bolivar,33,33,4919,11248,4838,40,29,12,3668,1170,13074
05013,Calamar,Bolivar,49,50,7446,17743,7250,97,79,20,4985,2265,13140
05014,Cantagallo,Bolivar,18,18,3322,6526,3214,63,42,3,1518,1696,13160
05001,Cartagena,Bolivar,1942,1952,314694,750215,305264,7706,1408,316,129877,175387,13001
05015,Cicuco,Bolivar,29,29,4426,9984,4356,34,25,11,2427,1929,13188
05018,Clemencia,Bolivar,31,31,4594,11076,4455,75,52,12,2817,1638,13222
05016,Cordoba,Bolivar,41,41,7042,13663,6934,66,25,17,3428,3506,13212
05022,El Carmen De Bolivar,Bolivar,150,152,25524,54965,24990,304,193,37,19007,5983,13244
05025,El Guamo,Bolivar,23,23,3408,8025,3344,31,22,11,2249,1095,13248
05027,El Peñon,Bolivar,16,20,2224,6344,2200,15,6,3,1529,671,13268
05026,Hatillo De Loba,Bolivar,25,31,3445,10432,3399,28,13,5,2743,656,13300
05028,Magangue,Bolivar,259,261,43026,93880,42085,566,308,67,21971,20114,13430
05031,Mahates,Bolivar,52,56,8036,20121,7893,84,50,9,5124,2769,13433
05037,Margarita,Bolivar,32,32,4097,9549,4055,25,9,8,3092,963,13440
05040,Maria La Baja,Bolivar,109,110,15523,39270,15216,160,123,24,6954,8262,13442
05043,Mompos,Bolivar,103,108,14518,35554,14285,145,69,19,8069,6216,13468
05041,Montecristo,Bolivar,25,28,2577,8363,2524,37,14,2,1782,742,13458
05044,Morales,Bolivar,33,33,6241,11170,6081,93,51,16,4619,1462,13473
05050,Norosi,Bolivar,14,14,1557,3982,1508,28,21,0,790,718,13490
05059,Pinillos,Bolivar,54,54,7466,16573,7375,37,45,9,5520,1855,13549
05063,Regidor,Bolivar,16,16,2226,4806,2196,11,15,4,1215,981,13580
05065,Rioviejo,Bolivar,19,19,3107,6263,3039,43,17,8,2042,997,13600
05072,San Cristobal,Bolivar,18,19,2991,6877,2944,36,7,4,1355,1589,13620
05070,San Estanislao,Bolivar,39,39,7083,14531,6954,77,37,15,4802,2152,13647
05073,San Fernando,Bolivar,21,27,2554,8446,2523,12,12,7,1631,892,13650
05076,San Jacinto,Bolivar,58,59,10443,20728,10251,96,80,16,6763,3488,13654
05078,San Jacinto Del Cauca,Bolivar,22,22,2733,7027,2672,26,31,4,1955,717,13655
05079,San Juan Nepomuceno,Bolivar,84,85,14655,30730,14325,207,105,18,9999,4326,13657
05082,San Martin De Loba,Bolivar,30,32,4916,11134,4843,48,16,9,2830,2013,13667
05084,San Pablo,Bolivar,52,54,8415,18154,8137,155,93,30,4896,3241,13670
05091,Santa Catalina,Bolivar,34,34,4737,11983,4650,56,22,9,2223,2427,13673
05094,Santa Rosa,Bolivar,36,38,5778,14260,5640,81,53,4,2607,3033,13683
05095,Santa Rosa Del Sur,Bolivar,59,59,11501,20582,10995,355,120,31,9096,1899,13688
05097,Simiti,Bolivar,25,37,3661,11932,3483,91,32,55,2475,1008,13744
05106,Soplaviento,Bolivar,22,22,3924,8297,3862,53,6,3,1121,2741,13760
05113,TIquisio (pto. Rico),Bolivar,40,40,5100,13193,5012,47,30,11,3998,1014,13810
05110,Talaigua Nuevo,Bolivar,29,29,4724,9122,4638,47,36,3,3093,1545,13780
05118,Turbaco,Bolivar,151,153,26988,63358,26165,614,178,31,11271,14894,13836
05121,Turbana,Bolivar,39,39,7170,14587,6985,155,25,5,3185,3800,13838
05124,Villanueva,Bolivar,42,42,7239,15574,7054,108,62,15,4998,2056,13873
05127,Zambrano,Bolivar,25,25,4443,9046,4352,49,29,13,1190,3162,13894
07007,Almeida,Boyaca,6,6,927,1965,902,19,5,1,718,184,15022
07008,Aquitania (puebloviejo),Boyaca,40,40,7723,12478,7508,134,72,9,6296,1212,15047
07010,Arcabuco,Boyaca,13,13,2773,4806,2620,87,55,11,1519,1101,15051
07013,Belen,Boyaca,18,18,3895,6638,3677,131,79,8,2007,1670,15087
07016,Berbeo,Boyaca,4,4,807,1442,759,35,12,1,394,365,15090
07019,Beteitiva,Boyaca,6,6,980,1908,914,42,22,2,479,435,15092
07022,Boavita,Boyaca,15,15,2587,4953,2485,76,19,7,1984,501,15097
07025,Boyaca,Boyaca,12,12,2184,4280,2101,50,29,4,1319,782,15104
07028,Briceño,Boyaca,6,6,1264,2193,1225,23,12,4,1037,188,15106
07031,Buenavista,Boyaca,14,14,2701,4607,2649,26,24,2,2081,568,15109
07034,Busbanza,Boyaca,3,3,540,854,505,20,13,2,309,196,15114
07037,Caldas,Boyaca,10,10,1724,3174,1649,58,17,0,1136,513,15131
07040,Campohermoso,Boyaca,8,8,1262,2502,1212,39,11,0,980,232,15135
07043,Cerinza,Boyaca,10,10,2234,3488,2116,70,45,3,1123,993,15162
07064,Chinavita,Boyaca,9,9,1511,2990,1447,48,12,4,1127,320,15172
07067,Chiquinquira,Boyaca,108,112,23242,40741,21916,969,345,12,12839,9077,15176
07068,Chiquiza,Boyaca,13,13,2224,4466,2106,52,58,8,651,1455,15232
07070,Chiscas,Boyaca,10,10,1784,3321,1757,14,11,2,1535,222,15180
07073,Chita,Boyaca,21,21,3218,6087,3126,59,24,9,2678,448,15183
07076,Chitaraque,Boyaca,16,16,2838,5411,2766,42,23,7,2368,398,15185
07077,Chivata,Boyaca,7,7,1606,2674,1528,51,25,2,770,758,15187
07078,Chivor,Boyaca,6,6,1019,1806,991,15,9,4,893,98,15236
07046,Cienega,Boyaca,10,10,2288,3790,2196,70,17,5,1754,442,15189
07049,Combita,Boyaca,26,26,5024,8929,4728,194,93,9,2124,2604,15204
07052,Coper,Boyaca,11,11,1718,3174,1649,52,14,3,1410,239,15212
07055,Corrales,Boyaca,6,6,1374,2201,1292,55,23,4,618,674,15215
07058,Covarachia,Boyaca,10,10,1563,3072,1530,23,8,2,1392,138,15218
07059,Cubara,Boyaca,17,17,2476,5629,2320,89,54,13,924,1396,15223
07060,Cucaita,Boyaca,9,9,2020,3213,1935,45,31,9,804,1131,15224
07061,Cuitiva,Boyaca,6,6,1032,1861,999,26,6,1,657,342,15226
07079,Duitama,Boyaca,224,226,57117,86458,53525,2605,955,32,23261,30264,15238
07082,El Cocuy,Boyaca,11,11,2066,3496,2000,50,14,2,1770,230,15244
07085,El Espino,Boyaca,7,7,1351,2254,1326,18,4,3,1195,131,15248
07088,Firavitoba,Boyaca,16,17,2791,5777,2630,113,42,6,1297,1333,15272
07091,Floresta,Boyaca,9,9,1930,3088,1861,49,14,6,1263,598,15276
07094,Gachantiva,Boyaca,8,8,1760,2994,1679,34,45,2,1132,547,15293
07097,Gameza,Boyaca,11,11,2276,3982,2186,54,24,12,1640,546,15296
07100,Garagoa,Boyaca,33,33,6985,11756,6617,267,95,6,3924,2693,15299
07103,Guacamayas,Boyaca,5,5,960,1611,942,13,3,2,834,108,15317
07106,Guateque,Boyaca,24,24,4928,8849,4653,177,89,9,2835,1818,15322
07109,Guayata,Boyaca,10,10,2170,3760,2110,41,12,7,1786,324,15325
07112,Guican,Boyaca,11,11,1758,2951,1707,30,17,4,1176,531,15332
07118,Iza,Boyaca,6,6,1282,2181,1235,32,13,2,808,427,15362
07121,Jenesano,Boyaca,15,15,3117,5640,3001,70,36,10,1925,1076,15367
07124,Jerico,Boyaca,11,11,1778,3183,1734,14,21,9,1511,223,15368
07130,La Capilla,Boyaca,7,7,1505,2475,1459,33,11,2,1042,417,15380
07136,La Uvita,Boyaca,8,8,1421,2472,1373,42,5,1,1230,143,15403
07137,La Victoria,Boyaca,6,6,865,1678,840,15,8,2,724,116,15401
07127,Labranzagrande,Boyaca,8,8,1738,2823,1689,29,17,3,1391,298,15377
07142,Macanal,Boyaca,11,11,1957,3547,1894,36,23,4,1501,393,15425
07148,Maripi,Boyaca,18,18,2866,6145,2793,36,27,10,2313,480,15442
07151,Miraflores,Boyaca,20,20,4576,7445,4335,168,66,7,2065,2270,15455
07154,Mongua,Boyaca,11,11,2697,3996,2632,42,19,4,2257,375,15464
07157,Mongui,Boyaca,10,10,2282,3741,2199,56,24,3,1423,776,15466
07160,Moniquira,Boyaca,47,48,9962,17657,9365,344,230,23,5723,3642,15469
07161,Motavita,Boyaca,14,14,3172,5215,3030,76,54,12,1065,1965,15476
07163,Muzo,Boyaca,20,20,4265,7425,4077,121,61,6,3315,762,15480
07166,Nobsa,Boyaca,33,33,8542,12127,8182,282,74,4,2352,5830,15491
07169,Nuevo Colon,Boyaca,12,12,2619,4571,2473,85,51,10,1350,1123,15494
07173,Oicata,Boyaca,7,7,1666,2625,1592,49,25,0,820,772,15500
07176,Otanche,Boyaca,23,23,3483,6378,3375,66,34,8,3010,365,15507
07178,Pachavita,Boyaca,6,6,1111,1952,1069,29,11,2,833,236,15511
07179,Paez,Boyaca,8,8,1490,2395,1439,44,7,0,1115,324,15514
07181,Paipa,Boyaca,69,71,16219,25890,15273,685,247,14,7011,8262,15516
07184,Pajarito,Boyaca,5,5,966,1667,933,25,5,3,766,167,15518
07187,Panqueba,Boyaca,5,5,895,1616,875,11,7,2,768,107,15522
07190,Pauna,Boyaca,19,19,3580,6599,3483,57,33,7,2614,869,15531
07193,Paya,Boyaca,6,6,963,1555,922,25,11,5,722,200,15533
07199,Paz De Rio,Boyaca,12,12,2396,4236,2283,72,34,7,748,1535,15537
07202,Pesca,Boyaca,17,18,3076,6370,2952,94,25,5,2140,812,15542
07205,Pisba,Boyaca,3,3,616,1028,602,5,4,5,444,158,15550
07214,Puerto Boyaca,Boyaca,99,100,20278,36098,18636,850,730,62,13373,5263,15572
07215,Quipama,Boyaca,15,16,2635,5067,2553,53,23,6,2223,330,15580
07217,Ramiriqui,Boyaca,24,24,4795,8598,4580,136,70,9,2870,1710,15599
07220,Raquira,Boyaca,13,13,2767,4615,2602,132,25,8,1722,880,15600
07223,Rondon,Boyaca,7,7,1336,2269,1291,28,11,6,972,319,15621
07226,Saboya,Boyaca,29,30,5454,9545,5217,115,103,19,3303,1914,15632
07232,Sachica,Boyaca,10,10,2313,3499,2202,71,37,3,1199,1003,15638
07235,Samaca,Boyaca,38,38,7858,13885,7404,280,164,10,4223,3181,15646
07237,San Eduardo,Boyaca,4,4,898,1473,839,47,9,3,516,323,15660
07238,San Jose De Pare,Boyaca,15,15,2731,5381,2633,65,28,5,2127,506,15664
07241,San Luis De Gaceno,Boyaca,15,15,2509,4381,2422,65,15,7,2094,328,15667
07247,San Mateo,Boyaca,10,10,2054,3562,2020,25,7,2,1845,175,15673
07248,San Miguel De Sema,Boyaca,8,8,1514,2691,1427,65,17,5,1080,347,15676
07249,San Pablo De Borbur,Boyaca,18,18,3256,5776,3147,66,37,6,2735,412,15681
07251,Santa Maria,Boyaca,10,10,1584,3186,1480,68,28,8,936,544,15690
07253,Santa Rosa De Viterbo,Boyaca,23,23,5334,8147,5037,208,82,7,3101,1936,15693
07256,Santa Sofia,Boyaca,8,8,1805,3042,1728,49,22,6,1393,335,15696
07250,Santana,Boyaca,19,19,3643,6939,3497,102,42,2,2291,1206,15686
07259,Sativanorte,Boyaca,8,8,1381,2451,1346,22,8,5,972,374,15720
07262,Sativasur,Boyaca,4,4,616,1213,587,18,11,0,383,204,15723
07265,Siachoque,Boyaca,17,17,3819,6191,3654,96,54,15,2363,1291,15740
07268,Soata,Boyaca,20,20,4638,7413,4467,126,33,12,3279,1188,15753
07274,Socha,Boyaca,18,18,3280,6041,3086,108,76,10,1845,1241,15757
07271,Socota,Boyaca,19,19,3071,5774,2939,63,36,33,2224,715,15755
07277,Sogamoso,Boyaca,229,236,57639,91941,54118,2543,928,50,24796,29322,15759
07280,Somondoco,Boyaca,7,7,1448,2670,1396,29,21,2,985,411,15761
07281,Sora,Boyaca,7,7,1637,2611,1548,45,39,5,748,800,15762
07282,Soraca,Boyaca,15,15,3516,5494,3380,90,39,7,2101,1279,15764
07283,Sotaquira,Boyaca,15,15,3655,5486,3559,58,34,4,2459,1100,15763
07286,Susacon,Boyaca,9,9,1572,2651,1518,37,9,8,1295,223,15774
07289,Sutamarchan,Boyaca,15,15,3501,5497,3351,109,35,6,2324,1027,15776
07292,Sutatenza,Boyaca,10,10,2098,3666,2016,51,28,3,1471,545,15778
07298,Tasco,Boyaca,13,13,2383,4816,2266,61,46,10,1166,1100,15790
07301,Tenza,Boyaca,9,9,1883,3444,1785,67,26,5,1365,420,15798
07304,Tibana,Boyaca,19,21,3129,7337,2987,82,46,14,1727,1260,15804
07307,Tibasosa,Boyaca,23,23,5425,8726,5097,237,86,5,2360,2737,15806
07310,Tinjaca,Boyaca,8,8,1677,2778,1602,59,13,3,1021,581,15808
07311,Tipacoque,Boyaca,10,10,1767,3335,1702,39,17,9,1303,399,15810
07313,Toca,Boyaca,19,19,3877,7082,3657,148,66,6,1846,1811,15814
07316,Togui,Boyaca,12,12,2248,4317,2138,55,45,10,1643,495,15816
07319,Topaga,Boyaca,9,9,2002,3025,1900,65,33,4,1226,674,15820
07322,Tota,Boyaca,12,12,2042,4090,1962,44,26,10,1576,386,15822
07001,Tunja,Boyaca,294,313,75608,121599,70619,3669,1272,48,26647,43972,15001
07324,Tunungua,Boyaca,4,4,804,1364,780,17,5,2,545,235,15832
07325,Turmeque,Boyaca,15,15,2931,5611,2746,120,57,8,1471,1275,15835
07328,Tuta,Boyaca,20,21,4478,7544,4230,159,78,11,2244,1986,15837
07331,Tutaza,Boyaca,5,5,1081,1811,1028,29,21,3,579,449,15839
07334,Umbita,Boyaca,15,15,3324,5648,3224,73,26,1,2390,834,15842
07337,Ventaquemada,Boyaca,30,30,6067,10928,5757,186,116,8,2971,2786,15861
07139,Villa De Leiva,Boyaca,30,30,7618,11132,7129,404,73,12,4204,2925,15407
07340,Viracacha,Boyaca,7,7,1540,2497,1490,27,23,0,1151,339,15879
07346,Zetaquira,Boyaca,11,11,2281,3932,2234,39,7,1,1523,711,15897
09004,Aguadas,Caldas,54,54,10512,18555,9944,345,186,37,8896,1048,17013
09007,Anserma,Caldas,80,80,15709,27803,14678,612,369,50,11995,2683,17042
09013,Aranzazu,Caldas,34,34,5977,11177,5670,192,96,19,5136,534,17050
09022,Belalcazar,Caldas,30,30,5294,10163,5021,167,90,16,3978,1043,17088
09034,Chinchina,Caldas,106,107,24019,44739,21685,1543,699,92,15760,5925,17174
09037,Filadelfia,Caldas,27,27,4921,9301,4695,152,63,11,4077,618,17272
09049,La Dorada,Caldas,148,148,28452,56458,26400,1110,894,48,19211,7189,17380
09052,La Merced,Caldas,18,18,2804,5552,2609,136,46,13,2178,431,17388
09001,Manizales,Caldas,862,862,196887,325422,174972,16117,5409,389,103834,71138,17001
09055,Manzanares,Caldas,45,45,8107,15318,7778,205,103,21,6792,986,17433
09058,Marmato,Caldas,21,21,3023,6889,2765,128,120,10,2131,634,17442
09061,Marquetalia,Caldas,32,32,6185,11415,5925,159,78,23,5089,836,17444
09067,Marulanda,Caldas,9,9,1219,2535,1136,51,24,8,993,143,17446
09076,Neira,Caldas,51,51,10987,19574,10088,532,303,64,8036,2052,17486
09078,Norcasia,Caldas,16,16,2779,5866,2529,147,90,13,1945,584,17495
09079,Pacora,Caldas,34,34,6746,11865,6337,260,121,28,5762,575,17513
09082,Palestina,Caldas,41,41,7048,14945,6574,274,185,15,4860,1714,17524
09085,Pensilvania,Caldas,48,48,9154,16240,8733,250,130,41,7704,1029,17541
09103,Riosucio,Caldas,103,103,22399,38548,20942,910,466,81,14425,6517,17614
09106,Risaralda,Caldas,30,30,5232,10526,4950,165,98,19,4177,773,17616
09109,Salamina,Caldas,42,42,7622,15158,7043,398,144,37,5616,1427,17653
09115,Samana,Caldas,47,47,8930,15937,8537,220,132,41,7458,1079,17662
09120,San Jose,Caldas,14,14,2556,4976,2426,86,33,11,1940,486,17665
09124,Supia,Caldas,60,60,11942,21861,10771,518,575,78,8552,2219,17777
09127,Victoria,Caldas,25,25,4321,8295,4012,177,117,15,3344,668,17867
09130,Villamaria,Caldas,105,105,24438,40633,21866,1783,747,42,13878,7988,17873
09133,Viterbo,Caldas,38,38,7315,13111,6932,245,100,38,5867,1065,17877
44002,Albania,Caqueta,12,12,1973,3964,1889,57,23,4,1519,370,18029
44004,Belen De Los Andaquies,Caqueta,20,20,3833,7662,3657,106,61,9,2689,968,18094
44003,Cartagena Del Chaira,Caqueta,52,52,6421,19085,5959,329,107,26,2731,3228,18150
44012,Curillo,Caqueta,21,21,2676,7431,2530,98,35,13,1835,695,18205
44005,El Doncello,Caqueta,43,43,7165,15504,6761,269,110,25,4540,2221,18247
44006,El Paujil,Caqueta,32,32,4648,11767,4425,153,53,17,2552,1873,18256
44001,Florencia,Caqueta,310,312,64160,119908,60722,2451,760,227,40239,20483,18001
44007,La Montañita,Caqueta,31,31,4437,11010,3943,98,48,348,1730,2213,18410
44016,Milan,Caqueta,20,20,2036,6462,1975,42,14,5,1306,669,18460
44017,Morelia,Caqueta,10,10,1709,3696,1657,39,13,0,1293,364,18479
44009,Puerto Rico,Caqueta,52,52,7619,18932,7089,378,125,27,4775,2314,18592
44020,San Jose Del Fragua,Caqueta,26,26,4328,9089,4104,140,73,11,2666,1438,18610
44010,San Vicente Del Caguan,Caqueta,94,94,12898,32825,12198,528,141,31,7758,4440,18753
44022,Solano,Caqueta,24,24,2136,7726,2029,65,28,14,894,1135,18756
44024,Solita,Caqueta,15,15,1930,5584,1774,97,54,5,1343,431,18785
44040,Valparaiso,Caqueta,16,16,2164,5941,2028,96,34,6,1468,560,18860
46040,Aguazul,Casanare,78,78,18940,27336,17585,798,528,29,12689,4896,85010
46120,Chameza,Casanare,5,5,1191,1668,1161,23,7,0,902,259,85015
46320,Hato Corozal,Casanare,30,30,4506,7202,4397,77,20,12,3749,648,85125
46480,La Salina,Casanare,3,3,458,784,432,22,3,1,117,315,85136
46520,Mani,Casanare,32,33,6397,10343,6106,196,81,14,4849,1257,85139
46540,Monterrey,Casanare,33,33,7151,11211,6727,286,132,6,4943,1784,85162
46560,Nunchia,Casanare,26,26,4105,6277,3979,78,33,15,3488,491,85225
46640,Orocue,Casanare,24,24,4111,7646,3957,105,41,8,3097,860,85230
46680,Paz De Ariporo (moreno),Casanare,68,69,15231,24150,14713,370,131,17,12524,2189,85250
46700,Pore,Casanare,19,19,4685,6972,4560,86,34,5,3978,582,85263
46760,Recetor,Casanare,5,5,795,1208,763,24,5,3,574,189,85279
46800,Sabanalarga,Casanare,9,9,1670,2720,1605,53,11,1,1238,367,85300
46815,Sacama,Casanare,4,4,719,1509,688,22,5,4,257,431,85315
46830,San Luis De Palenque,Casanare,20,20,3723,5956,3612,78,29,4,3186,426,85325
46840,Tamara,Casanare,15,15,2700,4421,2622,46,25,7,2227,395,85400
46850,Tauramena,Casanare,45,45,11089,16317,10434,449,192,14,7987,2447,85410
46865,Trinidad,Casanare,30,30,5625,9331,5431,111,65,18,4653,778,85430
46880,Villanueva,Casanare,57,57,13738,21468,12834,542,336,26,9580,3254,85440
46001,Yopal,Casanare,283,296,67720,109645,63976,2761,940,43,44996,18980,85001
11004,Almaguer,Cauca,37,37,6060,12434,5935,36,53,36,865,5070,19022
11005,Argelia,Cauca,51,54,9109,17806,8854,125,121,9,696,8158,19050
11006,Balboa,Cauca,44,44,6837,15752,6660,94,67,16,894,5766,19075
11007,Bolivar,Cauca,116,118,13782,30646,13437,140,170,35,3018,10419,19100
11010,Buenos Aires,Cauca,46,47,7379,16018,6799,264,246,70,3511,3288,19110
11013,Cajibio,Cauca,52,70,8547,23818,8030,239,238,40,3732,4298,19130
11016,Caldono,Cauca,59,62,11826,21573,11474,186,128,38,2904,8570,19137
11019,Caloto,Cauca,53,55,10862,18375,10221,356,266,19,3134,7087,19142
11022,Corinto,Cauca,48,52,10060,17951,9511,317,202,30,3011,6500,19212
11025,El Tambo,Cauca,113,122,14173,34542,13332,410,300,131,7410,5922,19256
11027,Florencia,Cauca,13,13,2610,4591,2519,42,32,17,692,1827,19290
11029,Guachene,Cauca,34,39,7327,12942,6846,161,301,19,1520,5326,19300
11028,Guapi,Cauca,51,63,6197,18748,6006,46,57,88,1090,4916,19318
11031,Inza,Cauca,34,50,6019,16775,5839,90,70,20,2010,3829,19355
11034,Jambalo,Cauca,16,25,3222,8414,3130,36,42,14,294,2836,19364
11037,La Sierra,Cauca,25,25,4462,8930,4265,91,83,23,1941,2324,19392
11040,La Vega,Cauca,39,48,5252,14936,5094,81,53,24,1490,3604,19397
11043,Lopez (micay),Cauca,39,51,3192,12677,3119,38,17,18,1427,1692,19418
11046,Mercaderes,Cauca,46,46,6290,13728,6119,84,51,36,1205,4914,19450
11049,Miranda,Cauca,56,58,11903,19839,11221,366,290,26,3055,8166,19455
11052,Morales,Cauca,48,56,8045,19348,7709,189,115,32,3936,3773,19473
11053,Padilla,Cauca,19,19,3994,6721,3717,96,176,5,875,2842,19513
11055,Paez (belalcazar),Cauca,59,63,9514,19705,9190,134,150,40,2783,6407,19517
11058,Patia (el Bordo),Cauca,74,79,9647,25265,9228,232,163,24,2986,6242,19532
11060,Piamonte,Cauca,19,21,2161,5259,2088,39,28,6,876,1212,19533
11061,Piendamo,Cauca,73,84,12583,27903,11896,455,195,37,6801,5095,19548
11001,Popayan,Cauca,605,620,133998,237019,126465,5321,2071,141,47681,78784,19001
11064,Puerto Tejada,Cauca,75,82,16438,32658,15549,497,375,17,2538,13011,19573
11067,Purace (coconuco),Cauca,26,26,4414,8806,4255,86,60,13,1680,2575,19585
11070,Rosas,Cauca,25,25,4482,8703,4264,105,97,16,2257,2007,19622
11073,San Sebastian,Cauca,21,22,3035,6958,2940,40,36,19,1002,1938,19693
11079,Santa Rosa,Cauca,16,16,1909,3937,1867,23,17,2,746,1121,19701
11076,Santander De Quilichao,Cauca,179,191,38245,77147,35806,1389,972,78,13821,21985,19698
11082,Silvia,Cauca,64,67,12290,22475,11848,236,163,43,2507,9341,19743
11085,Sotara (paispamba),Cauca,23,23,3885,7186,3709,90,72,14,1580,2129,19760
11087,Suarez,Cauca,44,49,6453,16327,6009,209,201,34,3031,2978,19780
11086,Sucre,Cauca,21,21,3009,5581,2952,33,18,6,269,2683,19785
11088,Timbio,Cauca,68,72,13580,25555,12846,399,302,33,6608,6238,19807
11091,Timbiqui,Cauca,48,50,6751,14597,6662,42,41,6,1116,5546,19809
11094,Toribio,Cauca,50,51,11028,17605,10733,126,132,37,1142,9591,19821
11097,Totoro,Cauca,33,33,6045,11138,5865,91,72,17,1351,4514,19824
11098,Villa Rica,Cauca,36,36,8055,13648,7615,185,239,16,1387,6228,19845
12075,Aguachica,Cesar,188,189,39779,67918,37899,1037,663,180,27280,10619,20011
12150,Agustin Codazzi,Cesar,116,116,21623,46690,21002,358,239,24,11874,9128,20013
12170,Astrea,Cesar,40,40,7576,14414,7442,67,50,17,4388,3054,20032
12180,Becerril,Cesar,43,43,7628,16138,7400,125,89,14,2750,4650,20045
12200,Bosconia,Cesar,74,74,13537,27683,13232,190,104,11,7286,5946,20060
12300,Chimichagua,Cesar,72,75,10622,23862,10426,124,59,13,6565,3861,20175
12375,Chiriguana,Cesar,60,60,11031,21729,10810,113,96,12,5424,5386,20178
12225,Curumani,Cesar,74,74,12845,26201,12404,259,163,19,6456,5948,20228
12410,El Copey,Cesar,61,61,10938,22748,10660,139,131,8,4809,5851,20238
12415,El Paso,Cesar,59,59,12022,21621,11773,118,117,14,3990,7783,20250
12450,Gamarra,Cesar,31,31,5199,10429,5043,106,39,11,3504,1539,20295
12525,Gonzalez,Cesar,11,15,1489,4005,1392,64,31,2,1032,360,20310
12600,La Gloria,Cesar,32,34,5624,10906,5492,77,44,11,3617,1875,20383
12608,La Jagua De Ibirico,Cesar,72,72,15097,26803,14507,334,243,13,5108,9399,20400
12825,La Paz,Cesar,52,57,8761,19832,8557,147,48,9,5686,2871,20621
12625,Manaure Balcon Del Cesar (mana,Cesar,23,23,4249,7556,4158,58,31,2,2382,1776,20443
12650,Pailitas,Cesar,37,41,6807,14490,6512,161,118,16,3893,2619,20517
12700,Pelaya,Cesar,34,37,6504,13937,6299,106,86,13,4551,1748,20550
12720,Pueblo Bello,Cesar,50,50,7484,18132,7285,100,69,30,3156,4129,20570
12750,Rio De Oro,Cesar,46,47,8174,15423,7885,181,90,18,5943,1942,20614
12800,San Alberto,Cesar,52,52,9991,18439,9596,246,140,9,5599,3997,20710
12850,San Diego,Cesar,40,41,7484,14603,7261,143,72,8,4594,2667,20750
12875,San Martin,Cesar,44,46,9189,15450,8731,240,203,15,5582,3149,20770
12900,Tamalameque,Cesar,31,31,4951,10229,4870,47,29,5,2656,2214,20787
12001,Valledupar,Cesar,749,764,148141,291104,142540,3924,1596,81,73753,68787,20001
17004,Acandi,Choco,23,28,2705,8701,2612,57,28,8,1651,961,27006
17006,Alto Baudo (pie De Pato),Choco,41,48,3717,9928,3608,15,14,80,295,3313,27025
17002,Atrato (yuto),Choco,21,27,2637,8789,2519,34,72,12,822,1697,27050
17007,Bagado,Choco,25,26,2368,8052,2296,28,36,8,917,1379,27073
17008,Bahia Solano (mutis),Choco,24,24,2773,7798,2642,71,45,15,1484,1158,27075
17010,Bajo Baudo (pizarro),Choco,19,37,1485,10395,1460,7,9,9,387,1073,27077
17011,Bojaya (bellavista),Choco,26,29,1847,7212,1805,18,19,5,531,1274,27099
17015,Carmen Del Darien,Choco,18,21,2033,6271,1990,20,20,3,485,1505,27150
17014,Certegui,Choco,15,15,1931,4365,1857,23,41,10,980,877,27160
17013,Condoto,Choco,37,37,3992,10454,3793,80,105,14,1627,2166,27205
17017,EL Canton Del San Pablo (man.,Choco,11,16,1290,4997,1247,11,27,5,766,481,27135
17016,El Carmen,Choco,19,19,3125,6024,2943,129,42,11,2118,825,27245
17038,El Litoral Del San Juan,Choco,26,27,2837,7405,2819,10,6,2,166,2653,27250
17019,Istmina,Choco,61,64,7610,21369,7160,253,155,42,3087,4073,27361
17022,Jurado,Choco,13,13,803,3020,782,14,7,0,393,389,27372
17025,Lloro,Choco,27,28,2991,8401,2873,49,54,15,1635,1238,27413
17012,Medio Atrato (bete),Choco,18,20,1780,6048,1740,17,21,2,634,1106,27425
17026,Medio Baudo (puerto Meluk),Choco,31,32,3146,8171,3103,19,14,10,1942,1161,27430
17027,Medio San Juan,Choco,23,26,2439,7412,2344,36,42,17,477,1867,27450
17028,Novita,Choco,20,21,1913,5285,1816,37,47,13,1133,683,27491
17031,Nuqui,Choco,19,19,1763,5509,1717,29,14,3,436,1281,27495
17001,Quibdo,Choco,202,221,32692,79928,30924,784,879,105,10694,20230,27001
17032,Rio Iro,Choco,14,16,1323,4151,1264,23,31,5,715,549,27580
17035,Rio Quito (paimado),Choco,23,23,3220,6739,3101,49,68,2,1407,1694,27600
17034,Riosucio,Choco,38,65,3467,19470,3374,52,33,8,842,2532,27615
17037,San Jose Del Palmar,Choco,22,22,1211,4100,1127,45,27,12,527,600,27660
17040,Sipi,Choco,10,10,980,2580,951,7,18,4,180,771,27745
17043,Tado,Choco,33,41,4454,12855,4191,79,157,27,2287,1904,27787
17048,Unguia,Choco,20,25,2367,8276,2276,63,23,5,1242,1034,27800
17060,Union Panamericana (las Animas,Choco,16,16,2238,5265,2130,49,45,14,1244,886,27810
88120,Alemania,Consulados,23,23,2627,12875,2480,144,3,0,585,1895,27810
88130,Argelia,Consulados,7,7,6,3615,6,0,0,0,4,2,27810
88155,Argentina,Consulados,37,41,7067,20490,6817,230,20,0,1679,5138,27810
88160,Aruba,Consulados,14,14,2256,8000,2224,31,1,0,1893,331,27810
88135,Arzerbaiyan,Consulados,7,7,16,3622,16,0,0,0,12,4,27810
88165,Australia,Consulados,36,36,6325,21831,5946,373,5,1,2038,3908,27810
88170,Austria,Consulados,9,9,479,4554,450,29,0,0,141,309,27810
88190,Belgica,Consulados,10,10,1119,6082,1064,55,0,0,417,647,27810
88415,Belice,Consulados,0,1,0,33,0,0,0,0,0,0,27810
88215,Bolivia,Consulados,8,8,412,4607,399,13,0,0,272,127,27810
88220,Brasil,Consulados,40,40,2069,18755,1972,95,2,0,690,1282,27810
88250,Canada,Consulados,94,106,13416,58226,12745,654,15,2,7593,5152,27810
88305,Chile,Consulados,38,49,5511,25893,5236,253,21,1,2732,2504,27810
88315,China Republica Popular,Consulados,28,28,425,15203,386,39,0,0,215,171,27810
88320,Chipre,Consulados,1,1,26,56,26,0,0,0,14,12,27810
88275,Corea Del Sur,Consulados,7,7,99,3769,91,8,0,0,37,54,27810
88285,Costa Rica,Consulados,6,20,1727,12513,1663,58,5,1,1374,289,27810
88290,Cuba,Consulados,8,8,204,3963,196,8,0,0,64,132,27810
88140,Curazao,Consulados,10,10,723,5441,703,17,3,0,551,152,27810
88325,Dinamarca,Consulados,1,1,89,143,83,6,0,0,27,56,27810
88330,Ecuador,Consulados,60,94,4570,55082,4379,118,49,24,3140,1239,27810
88335,Egipto,Consulados,7,7,39,3751,34,5,0,0,13,21,27810
88340,El Salvador,Consulados,6,7,147,4122,136,11,0,0,101,35,27810
88350,Emiratos Arabes Unidos,Consulados,9,9,1140,5466,1099,37,4,0,925,174,27810
88355,España,Consulados,248,248,24799,151954,23587,1112,90,10,14072,9515,27810
88360,Estados Unidos,Consulados,376,647,75308,354748,73351,1890,59,8,64436,8915,27810
88375,Finlandia,Consulados,7,7,129,3813,122,7,0,0,39,83,27810
88380,Francia,Consulados,35,35,5072,18524,4778,277,16,1,1589,3189,27810
88115,Ghana,Consulados,7,7,14,3618,12,2,0,0,4,8,27810
88405,Grecia,Consulados,1,1,43,78,43,0,0,0,28,15,27810
88410,Guatemala,Consulados,6,9,377,4733,361,16,0,0,301,60,27810
88440,Honduras,Consulados,6,7,143,4112,130,13,0,0,104,26,27810
88455,India,Consulados,7,7,24,3670,21,3,0,0,12,9,27810
88460,Indonesia,Consulados,7,7,35,3674,29,6,0,0,17,12,27810
88465,Inglaterra,Consulados,40,40,5345,20530,5102,234,8,1,2997,2105,27810
88470,Irlanda,Consulados,1,1,111,192,100,11,0,0,39,61,27810
88490,Israel,Consulados,8,9,317,4722,301,16,0,0,235,66,27810
88495,Italia,Consulados,29,29,2247,15091,2132,103,11,1,1225,907,27810
88500,Jamaica,Consulados,8,8,78,3868,76,2,0,0,71,5,27810
88505,Japon,Consulados,10,10,243,4531,227,16,0,0,129,98,27810
88515,Kenia,Consulados,7,7,26,3670,24,2,0,0,11,13,27810
88535,Libano,Consulados,8,8,101,4444,100,1,0,0,95,5,27810
88540,Luxemburgo,Consulados,1,1,64,86,55,9,0,0,29,26,27810
88560,Malasia,Consulados,7,7,53,3713,49,4,0,0,34,15,27810
88580,Marruecos,Consulados,7,7,21,3635,20,1,0,0,6,14,27810
88590,Mexico,Consulados,38,45,4366,23531,4146,215,4,1,2236,1910,27810
88620,Nicaragua,Consulados,6,7,53,3894,48,5,0,0,31,17,27810
88635,Noruega,Consulados,7,7,179,3908,167,12,0,0,37,130,27810
88625,Nueva Zelandia,Consulados,8,8,600,4468,559,41,0,0,187,372,27810
88435,Paises Bajos,Consulados,17,17,1098,10019,1047,48,2,1,447,600,27810
88655,Panama,Consulados,30,55,3294,32232,3150,138,3,3,2550,600,27810
88665,Paraguay,Consulados,8,8,198,3997,188,9,1,0,134,54,27810
88670,Peru,Consulados,16,21,1317,11665,1249,65,3,0,892,357,27810
88675,Polonia,Consulados,7,7,111,3789,110,0,1,0,41,69,27810
88680,Portugal,Consulados,8,8,282,4213,262,20,0,0,117,145,27810
88683,Puerto Rico,Consulados,10,10,659,5034,630,27,1,1,419,211,27810
88370,Republica De Filipinas,Consulados,7,7,66,3713,63,3,0,0,36,27,27810
88688,Republica De Singapur,Consulados,7,7,128,3816,112,16,0,0,70,42,27810
88685,Republica Dominicana,Consulados,12,12,1001,5821,937,60,4,0,702,235,27810
88690,Republica Socialista Devietnam,Consulados,7,7,22,3641,21,1,0,0,7,14,27810
88700,Rusia,Consulados,7,7,133,4095,130,3,0,0,34,96,27810
88745,Sudafrica,Consulados,8,8,100,3810,93,7,0,0,53,40,27810
88755,Suecia,Consulados,9,9,593,5506,567,26,0,0,206,361,27810
88760,Suiza,Consulados,15,15,1833,7954,1744,89,0,0,799,945,27810
88765,Tailandia,Consulados,7,7,44,3698,40,4,0,0,22,18,27810
88785,Trinidad Y Tobago,Consulados,7,7,77,3806,67,10,0,0,45,22,27810
88770,Turquia,Consulados,8,8,68,3762,64,4,0,0,18,46,27810
88805,Uruguay,Consulados,8,8,323,4193,305,17,1,0,128,177,27810
88815,Venezuela,Consulados,461,496,32612,304008,32265,205,93,49,27054,5211,27810
13004,Ayapel,Cordoba,93,93,14063,32450,13779,161,107,16,8973,4806,23068
13007,Buenavista,Cordoba,50,50,7985,17420,7755,137,80,13,3522,4233,23079
13009,Canalete,Cordoba,47,47,7144,16102,7032,59,35,18,3470,3562,23090
13010,Cerete,Cordoba,190,190,39945,73045,38966,653,297,29,18144,20822,23162
13016,Chima,Cordoba,37,37,6737,13107,6659,41,29,8,3454,3205,23168
13019,Chinu,Cordoba,111,112,21439,36920,21010,279,130,20,13946,7064,23182
13013,Cienaga De Oro,Cordoba,101,111,22101,43696,21643,250,168,40,8051,13592,23189
13014,Cotorra (bongo),Cordoba,43,43,7930,14621,7795,95,36,4,4073,3722,23300
13020,La Apartada (frontera),Cordoba,35,35,5830,12769,5624,113,70,23,2179,3445,23350
13022,Lorica,Cordoba,241,243,43775,86010,42985,473,285,32,21508,21477,23417
13023,Los Cordobas,Cordoba,41,42,7283,14788,7141,85,44,13,4323,2818,23419
13024,Momil,Cordoba,38,38,7715,13955,7599,81,26,9,4254,3345,23464
13025,Montelibano,Cordoba,142,144,28551,56437,27762,497,259,33,8315,19447,23466
13001,Monteria,Cordoba,778,823,156030,314508,151596,3146,1166,122,84678,66918,23001
13027,Moñitos,Cordoba,52,53,8040,18449,7889,77,56,18,4260,3629,23500
13028,Planeta Rica,Cordoba,130,130,25483,53217,24721,486,229,47,12033,12688,23555
13031,Pueblo Nuevo,Cordoba,75,75,12426,24280,12172,150,78,26,6775,5397,23570
13033,Puerto Escondido,Cordoba,54,55,8342,18257,8227,71,30,14,4409,3818,23574
13032,Puerto Libertador,Cordoba,74,74,13091,26482,12652,291,114,34,3362,9290,23580
13034,Purisima,Cordoba,39,39,6972,13656,6835,86,32,19,4388,2447,23586
13037,Sahagun,Cordoba,217,220,40313,79486,39491,493,271,58,19168,20323,23660
13040,San Andres De Sotavento,Cordoba,80,80,14994,28695,14707,107,152,28,7427,7280,23670
13043,San Antero,Cordoba,61,61,11708,21641,11482,137,72,17,6402,5080,23672
13046,San Bernardo Del Viento,Cordoba,78,78,11647,26700,11422,125,76,24,3961,7461,23675
13049,San Carlos,Cordoba,56,56,9080,19990,8897,96,67,20,5184,3713,23678
13052,San Jose De Ure,Cordoba,25,25,3626,7790,3542,42,37,5,1042,2500,23682
13055,San Pelayo,Cordoba,98,99,18151,36045,17867,184,80,20,8792,9075,23686
13058,Tierralta,Cordoba,156,162,25422,62740,24742,400,237,43,12734,12008,23807
13060,Tuchin,Cordoba,62,64,12168,22221,11935,72,138,23,6929,5006,23815
13061,Valencia,Cordoba,77,77,11856,25601,11570,179,87,20,7013,4557,23855
15004,Agua De Dios,Cundinamarca,26,26,5401,9726,5055,227,113,6,2949,2106,25001
15007,Alban,Cundinamarca,14,14,2916,5146,2752,105,54,5,2118,634,25019
15010,Anapoima,Cundinamarca,32,33,6991,11918,6721,218,49,3,5258,1463,25035
15013,Anolaima,Cundinamarca,31,31,6432,11449,6131,217,75,9,4635,1496,25040
15217,Apulo,Cundinamarca,18,18,4085,6906,3944,88,45,8,3158,786,25599
15016,Arbelaez,Cundinamarca,18,24,4307,9076,4093,161,48,5,3024,1069,25053
15019,Beltran,Cundinamarca,7,7,1088,2113,1059,14,11,4,826,233,25086
15022,Bituima,Cundinamarca,8,8,1345,2793,1293,35,9,8,1012,281,25095
15025,Bojaca,Cundinamarca,17,17,4390,6257,3991,218,169,12,2496,1495,25099
15029,Cabrera,Cundinamarca,10,10,1896,3466,1852,27,14,3,643,1209,25120
15030,Cachipay,Cundinamarca,25,25,5268,9106,4993,205,65,5,3495,1498,25123
15031,Cajica,Cundinamarca,126,126,33205,46894,30410,2136,639,20,16750,13660,25126
15034,Caparrapi,Cundinamarca,33,33,5454,10377,5290,105,51,8,4589,701,25148
15037,Caqueza,Cundinamarca,38,38,8782,14476,8340,303,131,8,5629,2711,25151
15040,Carmen De Carupa,Cundinamarca,17,17,3486,6090,3301,138,38,9,2584,717,25154
15052,Chaguani,Cundinamarca,10,10,1865,3687,1813,36,16,0,1497,316,25168
15055,Chia,Cundinamarca,210,220,58756,91865,53759,4127,839,31,31545,22214,25175
15058,Chipaque,Cundinamarca,20,20,4856,7570,4663,136,50,7,3353,1310,25178
15061,Choachi,Cundinamarca,31,31,7324,11475,6969,281,71,3,5451,1518,25181
15064,Choconta,Cundinamarca,40,40,9087,14834,8460,398,207,22,6064,2396,25183
15043,Cogua,Cundinamarca,37,37,9895,14054,9163,498,228,6,4673,4490,25200
15046,Cota,Cundinamarca,69,69,15899,25452,14773,921,196,9,8973,5800,25214
15049,Cucunuba,Cundinamarca,14,14,2907,4704,2686,147,64,10,2098,588,25224
15067,El Colegio,Cundinamarca,54,57,11878,20978,11411,314,144,9,7764,3647,25245
15070,El Peñon,Cundinamarca,13,13,2334,4344,2279,37,15,3,2072,207,25258
15072,El Rosal,Cundinamarca,42,42,11682,15842,10701,601,377,3,8008,2693,25260
15076,Facatativa,Cundinamarca,233,234,61549,91630,55682,3618,2203,46,29109,26573,25269
15079,Fomeque,Cundinamarca,26,26,6091,9526,5870,160,59,2,4882,988,25279
15085,Fosca,Cundinamarca,16,16,3153,5388,3081,56,15,1,2624,457,25281
15088,Funza,Cundinamarca,163,166,44801,66679,41014,2489,1255,43,19725,21289,25286
15091,Fuquene,Cundinamarca,10,12,2039,3934,1934,74,30,1,978,956,25288
15094,Fusagasuga,Cundinamarca,267,270,61990,103565,58275,2668,928,119,37282,20993,25290
15097,Gachala,Cundinamarca,15,15,2475,5148,2380,57,32,6,1794,586,25293
15100,Gachancipa,Cundinamarca,27,27,7099,10090,6393,407,291,8,3088,3305,25295
15103,Gacheta,Cundinamarca,25,25,4965,9080,4732,149,69,15,3800,932,25297
15106,Gama,Cundinamarca,8,8,1720,3014,1656,51,11,2,1417,239,25299
15109,Girardot,Cundinamarca,213,213,47891,82360,44960,1984,909,38,28370,16590,25307
15132,Granada,Cundinamarca,16,16,3576,5873,3423,94,56,3,1941,1482,25312
15112,Guacheta,Cundinamarca,24,24,4798,8598,4340,297,154,7,3131,1209,25317
15115,Guaduas,Cundinamarca,65,65,12651,22198,11773,609,233,36,8520,3253,25320
15118,Guasca,Cundinamarca,29,29,7139,10855,6539,436,151,13,4155,2384,25322
15121,Guataqui,Cundinamarca,7,7,1037,2311,996,26,11,4,654,342,25324
15124,Guatavita,Cundinamarca,14,14,3328,5088,3045,216,64,3,2291,754,25326
15127,Guayabal De Siquima,Cundinamarca,10,11,2202,3855,2097,81,21,3,1602,495,25328
15128,Guayabetal,Cundinamarca,13,13,2871,4526,2757,71,37,6,2231,526,25335
15130,Gutierrez,Cundinamarca,7,7,1583,2633,1548,24,8,3,1014,534,25339
15133,Jerusalen,Cundinamarca,7,7,1308,2594,1276,24,5,3,1009,267,25368
15136,Junin,Cundinamarca,16,16,2881,5370,2759,76,41,5,2217,542,25372
15139,La Calera,Cundinamarca,58,59,13698,21862,12672,807,204,15,6501,6171,25377
15142,La Mesa,Cundinamarca,67,67,14304,24618,13546,589,153,16,9328,4218,25386
15145,La Palma,Cundinamarca,24,24,3992,8564,3829,98,52,13,2955,874,25394
15148,La Peña,Cundinamarca,16,16,3549,5791,3453,57,30,9,3181,272,25398
15151,La Vega,Cundinamarca,35,35,8065,12851,7665,289,100,11,5946,1719,25402
15154,Lenguazaque,Cundinamarca,19,19,4226,6916,3929,187,101,9,3325,604,25407
15157,Macheta,Cundinamarca,17,17,3599,6157,3454,103,37,5,3005,449,25426
15160,Madrid,Cundinamarca,157,157,43155,62604,39280,2478,1357,40,20373,18907,25430
15163,Manta,Cundinamarca,11,11,2511,4080,2423,71,14,3,2001,422,25436
15166,Medina,Cundinamarca,23,23,3909,6765,3737,125,43,4,3176,561,25438
15169,Mosquera,Cundinamarca,184,184,47890,68024,44135,2692,1031,32,21255,22880,25473
15172,Nariño,Cundinamarca,7,7,1286,2638,1246,28,12,0,750,496,25483
15175,Nemocon,Cundinamarca,25,25,6444,9489,5957,278,195,14,3032,2925,25486
15178,Nilo,Cundinamarca,9,18,1571,6250,1507,48,13,3,1132,375,25488
15181,Nimaima,Cundinamarca,9,9,2128,3156,2068,46,11,3,1709,359,25489
15184,Nocaima,Cundinamarca,14,14,3310,5229,3173,100,35,2,2210,963,25491
15190,Pacho,Cundinamarca,55,56,11927,21070,11287,511,117,12,9065,2222,25513
15193,Paime,Cundinamarca,14,15,1965,4851,1920,29,14,2,1518,402,25518
15196,Pandi,Cundinamarca,11,11,2183,4067,2096,53,30,4,1320,776,25524
15198,Paratebueno (la Naguaya),Cundinamarca,21,22,3849,7047,3713,75,55,6,3126,587,25530
15199,Pasca,Cundinamarca,21,21,4434,7691,4251,110,68,5,1865,2386,25535
15202,Puerto Salgar,Cundinamarca,34,35,6235,12980,5826,241,159,9,4223,1603,25572
15205,Puli,Cundinamarca,10,10,1443,2867,1414,21,6,2,1169,245,25580
15208,Quebradanegra,Cundinamarca,12,12,2733,4011,2666,48,18,1,2417,249,25592
15211,Quetame,Cundinamarca,15,15,3422,5543,3272,103,38,9,2259,1013,25594
15214,Quipile,Cundinamarca,16,18,2980,6050,2894,56,20,10,2538,356,25596
15218,Ricaurte,Cundinamarca,29,29,5908,11090,5612,207,83,6,4161,1451,25612
15220,San Antonio Del Tequendama,Cundinamarca,24,24,5156,8777,4891,210,46,9,3142,1749,25645
15223,San Bernardo,Cundinamarca,21,21,4177,7755,3847,103,44,183,2587,1260,25649
15226,San Cayetano,Cundinamarca,13,14,2092,4398,2033,44,12,3,1732,301,25653
15229,San Francisco,Cundinamarca,22,24,4771,8608,4558,167,43,3,3433,1125,25658
15232,San Juan De Rioseco,Cundinamarca,26,26,4874,8967,4682,129,53,10,3491,1191,25662
15235,Sasaima,Cundinamarca,24,24,5269,8824,5026,173,63,7,4055,971,25718
15238,Sesquile,Cundinamarca,21,22,5059,8073,4604,278,170,7,2531,2073,25736
15239,Sibate,Cundinamarca,65,68,15540,25447,14414,695,409,22,7192,7222,25740
15241,Silvania,Cundinamarca,34,46,7600,17416,7293,219,78,10,5331,1962,25743
15244,Simijaca,Cundinamarca,20,25,4431,8953,4167,188,72,4,2914,1253,25745
15247,Soacha,Cundinamarca,599,600,147956,228715,138849,5859,3129,119,55974,82875,25754
15250,Sopo,Cundinamarca,47,47,12999,17781,12114,650,229,6,4922,7192,25758
15256,Subachoque,Cundinamarca,32,32,8375,11773,7745,452,173,5,5935,1810,25769
15259,Suesca,Cundinamarca,28,28,6672,10411,5922,416,317,17,2518,3404,25772
15262,Supata,Cundinamarca,11,11,2477,4222,2364,90,21,2,2038,326,25777
15265,Susa,Cundinamarca,14,14,3099,5130,2939,99,55,6,1978,961,25779
15268,Sutatausa,Cundinamarca,11,11,2383,3734,2182,126,68,7,1511,671,25781
15271,Tabio,Cundinamarca,42,42,10798,15946,9862,741,189,6,6402,3460,25785
15274,Tausa,Cundinamarca,16,16,3758,5712,3514,145,97,2,2836,678,25793
15277,Tena,Cundinamarca,18,18,4042,6550,3909,94,38,1,2670,1239,25797
15280,Tenjo,Cundinamarca,41,41,10811,15388,9925,647,234,5,6549,3376,25799
15283,Tibacuy,Cundinamarca,11,11,2184,3845,2112,50,21,1,1395,717,25805
15286,Tibirita,Cundinamarca,8,8,1565,2919,1510,34,13,8,1137,373,25807
15289,Tocaima,Cundinamarca,34,34,6873,12879,6588,187,90,8,5043,1545,25815
15292,Tocancipa,Cundinamarca,72,73,18667,27294,16918,1050,679,20,6650,10268,25817
15295,Topaipi,Cundinamarca,13,13,2072,4242,2009,37,15,11,1745,264,25823
15298,Ubala,Cundinamarca,26,26,3946,8611,3798,94,45,9,3130,668,25839
15301,Ubaque,Cundinamarca,16,16,3624,5766,3465,100,54,5,2499,966,25841
15304,Ubate,Cundinamarca,87,87,19384,32189,17520,1294,518,52,10433,7087,25843
15307,Une,Cundinamarca,18,18,4072,6394,3851,172,48,1,2639,1212,25845
15316,Utica,Cundinamarca,13,13,2831,4732,2748,58,22,3,2453,295,25851
15318,Venecia,Cundinamarca,9,11,1541,3578,1475,46,16,4,993,482,25506
15319,Vergara,Cundinamarca,21,21,3941,7241,3830,76,24,11,3185,645,25862
15322,Viani,Cundinamarca,10,10,2146,3838,2047,70,22,7,1600,447,25867
15323,Villagomez,Cundinamarca,6,6,1120,2000,1089,20,10,1,900,189,25871
15325,Villapinzon,Cundinamarca,34,34,8736,12992,8271,343,112,10,6710,1561,25873
15328,Villeta,Cundinamarca,64,64,14033,22598,13439,442,138,14,10757,2682,25875
15331,Viota,Cundinamarca,29,29,6148,10728,5988,98,51,11,4200,1788,25878
15334,Yacopi,Cundinamarca,36,36,4954,11059,4780,121,40,13,4273,507,25885
15337,Zipacon,Cundinamarca,11,11,2695,4106,2520,107,59,9,1654,866,25898
15340,Zipaquira,Cundinamarca,220,225,58219,87643,53635,3067,1485,32,19034,34601,25899
50070,Barranco Minas,Guainia,8,8,681,2280,662,14,3,2,120,542,94343
50073,Cacahual,Guainia,1,1,23,302,21,2,0,0,11,10,94886
50001,Inirida,Guainia,51,57,8043,21037,7675,265,82,21,4743,2932,94001
50078,La Guadalupe,Guainia,1,1,33,184,32,1,0,0,23,9,94885
50050,Mapiripana,Guainia,3,3,101,650,99,1,1,0,58,41,94663
50083,Morichal (morichal Nuevo),Guainia,1,1,31,170,29,0,2,0,7,22,94888
50087,Pana Pana (campo Alegre),Guainia,3,3,156,362,150,5,1,0,60,90,94887
50090,Puerto Colombia,Guainia,2,4,48,1142,47,0,1,0,15,32,94884
50092,San Felipe,Guainia,0,3,0,796,0,0,0,0,0,0,94883
54003,Calamar,Guaviare,14,15,1842,5471,1714,94,28,6,604,1110,95015
54007,El Retorno,Guaviare,27,27,4260,9278,3905,221,117,17,2752,1153,95025
54012,Miraflores,Guaviare,13,13,1153,4005,1100,31,18,4,240,860,95200
54001,San Jose Del Guaviare,Guaviare,98,107,18307,39544,16937,962,371,37,10984,5953,95001
19004,Acevedo,Huila,52,52,11484,19146,11269,152,52,11,10028,1241,41006
19007,Agrado,Huila,19,19,3817,6970,3647,125,38,7,2765,882,41013
19010,Aipe,Huila,42,42,7773,15130,7428,242,91,12,5056,2372,41016
19013,Algeciras,Huila,41,41,7630,15129,7290,209,103,28,4631,2659,41020
19016,Altamira,Huila,9,9,1718,3106,1651,51,15,1,1033,618,41026
19019,Baraya,Huila,18,18,2898,5967,2784,75,28,11,1952,832,41078
19022,Campoalegre,Huila,67,67,13304,24833,12580,436,267,21,8242,4338,41132
19028,Colombia,Huila,21,21,3627,6558,3462,68,88,9,2948,514,41206
19031,Elias,Huila,10,10,1982,3297,1922,50,8,2,1585,337,41244
19034,Garzon,Huila,131,133,28856,52584,27357,1045,413,41,19284,8073,41298
19037,Gigante,Huila,52,52,10099,18757,9614,313,155,17,7019,2595,41306
19040,Guadalupe,Huila,34,34,6865,12629,6554,215,79,17,5310,1244,41319
19043,Hobo,Huila,15,15,2990,5716,2887,59,37,7,2001,886,41349
19046,Iquira,Huila,20,20,4143,7016,4019,87,31,6,2660,1359,41357
19044,Isnos,Huila,52,52,11294,18983,10735,387,148,24,6866,3869,41359
19047,La Argentina (plata Vieja),Huila,29,29,5836,10493,5595,183,44,14,3968,1627,41378
19049,La Plata,Huila,105,106,22690,41682,21751,625,277,37,15595,6156,41396
19050,Nataga,Huila,13,13,2872,4741,2797,54,17,4,2110,687,41483
19001,Neiva,Huila,668,682,149180,262893,141328,5674,2056,122,78651,62677,41001
19051,Oporapa,Huila,21,21,4693,7613,4541,105,42,5,3944,597,41503
19052,Paicol,Huila,14,14,3104,5023,2972,99,30,3,2528,444,41518
19055,Palermo,Huila,58,58,10997,20385,10550,310,120,17,7186,3364,41524
19056,Palestina,Huila,24,24,5205,8869,5014,138,53,0,4068,946,41530
19058,Pital,Huila,25,25,5438,9365,5228,153,50,7,4074,1154,41548
19061,Pitalito,Huila,240,240,53060,94751,50588,1800,617,55,33731,16857,41551
19064,Rivera,Huila,46,46,9173,16681,8682,336,147,8,5381,3301,41615
19067,Saladoblanco,Huila,25,25,5375,9046,5239,91,32,13,4615,624,41660
19070,San Agustin,Huila,68,68,13304,24005,12682,416,177,29,9003,3679,41668
19074,Santa Maria,Huila,22,22,5006,8091,4899,74,28,5,4231,668,41676
19076,Suaza,Huila,34,34,7171,12523,6961,143,52,15,5532,1429,41770
19079,Tarqui,Huila,34,34,6816,11657,6550,188,65,13,4946,1604,41791
19082,Tello,Huila,31,31,5623,10771,5456,113,51,3,4103,1353,41799
19085,Teruel,Huila,18,18,3969,6663,3877,61,29,2,3363,514,41801
19025,Tesalia (carnicerias),Huila,22,22,4722,7908,4457,198,60,7,3595,862,41797
19088,Timana,Huila,42,42,9072,15322,8727,242,81,22,7155,1572,41807
19091,Villavieja,Huila,20,20,3489,6500,3366,74,40,9,1855,1511,41872
19094,Yaguara,Huila,19,19,3981,6661,3725,174,80,2,2438,1287,41885
48002,Albania,La Guajira,47,48,8003,17059,7804,96,96,7,2719,5085,44035
48004,Barrancas,La Guajira,69,69,10529,24226,10289,156,77,7,3524,6765,44078
48005,Dibulla,La Guajira,61,61,8136,21876,7959,103,66,8,3829,4130,44090
48008,Distraccion,La Guajira,27,27,4495,9069,4389,52,49,5,2467,1922,44098
48006,El Molino,La Guajira,20,20,3812,7518,3716,61,33,2,1984,1732,44110
48007,Fonseca,La Guajira,72,74,13829,27355,13477,213,121,18,4908,8569,44279
48009,Hatonuevo,La Guajira,40,40,6491,14689,6351,77,56,7,2139,4212,44378
48012,La Jagua Del Pilar,La Guajira,12,12,2066,4077,2027,31,6,2,959,1068,44420
48010,Maicao,La Guajira,310,313,40956,121180,39802,707,407,40,22090,17712,44430
48011,Manaure,La Guajira,148,148,11797,54336,11425,110,227,35,6183,5242,44560
48001,Riohacha,La Guajira,312,319,50615,116417,48814,1170,575,56,22596,26218,44001
48013,San Juan Del Cesar,La Guajira,94,96,17076,32333,16679,247,131,19,11051,5628,44650
48016,Uribia,La Guajira,272,286,18909,104635,18229,180,434,66,12325,5904,44847
48018,Urumita,La Guajira,24,24,4959,8546,4810,76,72,1,1951,2859,44855
48020,Villanueva,La Guajira,48,48,9850,18411,9584,157,102,7,5185,4399,44874
21008,Algarrobo,Magdalena,28,28,5230,9907,5133,63,26,8,1705,3428,47030
21010,Aracataca,Magdalena,79,79,11148,27298,10870,178,87,13,5447,5423,47053
21012,Ariguani (el Dificil),Magdalena,60,60,10546,22129,10278,161,88,19,6561,3717,47058
21013,Cerro De San Antonio,Magdalena,24,24,3364,8510,3326,24,9,5,2382,944,47161
21015,Chivolo,Magdalena,37,37,5902,13279,5815,57,27,3,3526,2289,47170
21016,Cienaga,Magdalena,218,219,35942,83410,34716,760,437,29,17348,17368,47189
21020,Concordia,Magdalena,28,31,3808,11279,3766,25,10,7,2231,1535,47205
21025,El Banco,Magdalena,125,127,19564,46612,19154,234,134,42,12426,6728,47245
21028,El Piñon,Magdalena,38,38,6278,13258,6156,72,35,15,3304,2852,47258
21030,El Reten,Magdalena,36,37,5901,13717,5742,99,48,12,2115,3627,47268
21031,Fundacion,Magdalena,130,130,22675,51904,21980,431,232,32,13973,8007,47288
21040,Guamal,Magdalena,69,69,9080,22408,8926,101,40,13,6194,2732,47318
21042,Nueva Granada,Magdalena,41,41,7398,14629,7281,62,44,11,5381,1900,47460
21046,Pedraza,Magdalena,29,29,3582,9991,3538,21,15,8,2591,947,47541
21048,Pijiño Del Carmen,Magdalena,27,27,4481,8534,4411,29,30,11,3048,1363,47545
21049,Pivijay,Magdalena,77,80,12568,28870,12281,186,82,19,4958,7323,47551
21052,Plato,Magdalena,106,106,17836,39759,17508,198,114,16,9307,8201,47555
21055,Puebloviejo,Magdalena,60,60,8085,21563,7914,88,69,14,4843,3071,47570
21058,Remolino,Magdalena,21,21,3239,6991,3190,29,15,5,1634,1556,47605
21060,Sabanas De San Angel,Magdalena,32,32,5334,11025,5237,67,26,4,4068,1169,47660
21067,Salamina,Magdalena,21,21,3861,7735,3785,50,22,4,2310,1475,47675
21070,San Sebastian De Buenavista,Magdalena,49,49,7993,16459,7874,74,32,13,4492,3382,47692
21073,San Zenon,Magdalena,28,28,4421,8622,4370,30,19,2,2385,1985,47703
21076,Santa Ana,Magdalena,41,43,7708,15368,7570,97,30,11,5810,1760,47707
21078,Santa Barbara De Pinto,Magdalena,24,24,3898,8175,3844,32,19,3,1857,1987,47720
21001,Santa Marta,Magdalena,866,870,175057,338177,168219,4923,1832,83,79346,88873,47001
21079,Sitionuevo,Magdalena,48,50,5954,18503,5790,68,87,9,3025,2765,47745
21085,Tenerife,Magdalena,33,33,4474,10570,4357,83,25,9,2494,1863,47798
21090,Zapayan,Magdalena,24,24,3669,8255,3627,23,16,3,2834,793,47960
21095,Zona Bananera (sevilla),Magdalena,93,122,14003,43931,13661,180,136,26,4947,8714,47980
52005,Acacias,Meta,154,161,38904,60952,35944,1820,1113,27,25129,10815,50006
52006,Barranca De Upia,Meta,14,14,2633,4629,2486,66,77,4,1781,705,50110
52008,Cabuyaro,Meta,14,14,2955,5023,2799,104,43,9,2245,554,50124
52010,Castilla La Nueva,Meta,31,31,8107,11355,7461,380,258,8,5312,2149,50150
52015,Cubarral,Meta,14,14,3027,5066,2874,110,38,5,2347,527,50223
52020,Cumaral,Meta,48,48,10699,16735,10048,443,197,11,7236,2812,50226
52025,El Calvario,Meta,7,7,884,1626,859,21,4,0,710,149,50245
52027,El Castillo,Meta,16,16,2912,5629,2748,97,61,6,1418,1330,50251
52028,El Dorado,Meta,10,10,2014,3098,1932,60,19,3,1540,392,50270
52030,Fuente De Oro,Meta,28,28,5199,9467,4911,187,92,9,3369,1542,50287
52035,Granada,Meta,133,135,28290,51148,26469,1262,511,48,18373,8096,50313
52040,Guamal,Meta,31,31,7743,11338,7314,299,126,4,5768,1546,50318
52041,La Macarena,Meta,24,24,3397,8318,3177,161,45,14,1624,1553,50350
52042,Lejanias,Meta,23,23,4276,8043,4018,146,90,22,2913,1105,50400
52046,Mapiripan,Meta,19,19,1729,5296,1633,55,33,8,1210,423,50325
52044,Mesetas,Meta,24,24,3900,8484,3708,126,56,10,1938,1770,50330
52047,Puerto Concordia,Meta,20,20,2989,6345,2836,91,52,10,1742,1094,50450
52043,Puerto Gaitan,Meta,79,79,14626,28044,13549,521,526,30,7802,5747,50568
52048,Puerto Lleras,Meta,19,19,3294,6428,3161,80,44,9,2419,742,50577
52045,Puerto Lopez,Meta,70,70,13911,24140,13213,473,207,18,10088,3125,50573
52049,Puerto Rico,Meta,24,26,4151,8639,3881,151,110,9,2223,1658,50590
52050,Restrepo,Meta,39,41,8447,15740,8033,333,76,5,5843,2190,50606
52055,San Carlos De Guaroa,Meta,23,23,5018,8396,4790,121,101,6,3812,978,50680
52058,San Juan De Arama,Meta,19,19,3239,6059,3063,120,46,10,2068,995,50683
52059,San Juanito,Meta,6,6,800,1329,762,37,1,0,655,107,50686
52060,San Martin De Los Llanos,Meta,50,51,10734,18087,10151,394,175,14,8051,2100,50689
52074,Uribe,Meta,15,15,2609,5048,2532,51,21,5,284,2248,50370
52001,Villavicencio,Meta,920,923,213630,351334,201359,9061,3052,158,129739,71620,50001
52080,Vista Hermosa,Meta,36,37,6444,12544,6013,271,140,20,3608,2405,50711
23004,Alban (san Jose),Nariño,19,20,3947,6517,3822,82,36,7,2871,951,52019
23007,Aldana,Nariño,17,17,3411,5800,3268,72,57,14,1321,1947,52022
23010,Ancuya,Nariño,24,24,3906,7257,3778,88,33,7,1504,2274,52036
23013,Arboleda (berruecos),Nariño,17,17,3139,5814,3008,84,38,9,1848,1160,52051
23016,Barbacoas,Nariño,63,74,5760,21019,5404,175,123,58,2437,2967,52079
23017,Belen,Nariño,14,15,3024,5348,2888,105,28,3,1341,1547,52083
23019,Buesaco,Nariño,52,52,9507,17344,9120,217,98,72,6273,2847,52110
23038,Chachagui,Nariño,30,30,5874,10134,5641,131,87,15,2127,3514,52240
23022,Colon (genova),Nariño,22,22,3615,6645,3456,74,69,16,1116,2340,52203
23025,Consaca,Nariño,32,33,4693,8630,4487,131,62,13,1876,2611,52207
23028,Contadero,Nariño,17,17,3266,5732,3159,77,24,6,1215,1944,52210
23031,Cordoba,Nariño,30,30,5631,10301,5475,92,47,17,1219,4256,52215
23034,Cuaspud (carlosama),Nariño,20,20,3873,7155,3712,91,55,15,1655,2057,52224
23037,Cumbal,Nariño,59,66,13042,23876,12769,165,82,26,3217,9552,52227
23039,Cumbitara,Nariño,18,22,2435,6180,2390,31,12,2,162,2228,52233
23041,El Charco,Nariño,25,49,3179,15994,3074,55,40,10,723,2351,52250
23044,El Peñol,Nariño,18,18,3299,5552,3231,47,18,3,1060,2171,52254
23040,El Rosario,Nariño,17,22,2580,6637,2548,20,10,2,238,2310,52256
23043,El Tablon,Nariño,25,32,4468,11007,4347,92,18,11,2213,2134,52258
23046,El Tambo,Nariño,32,33,6951,11298,6680,156,97,18,3578,3102,52260
23047,Francisco Pizarro (salahonda),Nariño,22,23,2082,6236,2035,26,18,3,434,1601,52520
23049,Funes,Nariño,18,18,3203,5615,3109,57,28,9,1701,1408,52287
23052,Guachucal,Nariño,40,40,9096,14221,8889,137,57,13,1756,7133,52317
23055,Guaitarilla,Nariño,30,33,5049,10896,4909,89,43,8,1184,3725,52320
23058,Gualmatan,Nariño,14,14,3199,5140,3026,134,32,7,908,2118,52323
23061,Iles,Nariño,21,21,3711,6968,3620,47,28,16,953,2667,52352
23064,Imues,Nariño,21,21,3294,6454,3193,62,32,7,1332,1861,52354
23067,Ipiales,Nariño,229,240,42226,94987,39552,1704,872,98,16091,23461,52356
23073,La Cruz,Nariño,42,42,8154,13512,7858,191,87,18,4227,3631,52378
23076,La Florida,Nariño,28,28,5053,9048,4919,81,43,10,1732,3187,52381
23077,La Llanada,Nariño,11,11,1932,3409,1870,34,24,4,526,1344,52385
23078,La Tola,Nariño,16,16,1674,5214,1631,26,12,5,458,1173,52390
23079,La Union,Nariño,67,70,12145,22028,11556,359,195,35,6564,4992,52399
23080,Leiva,Nariño,24,24,3825,7318,3733,65,15,12,359,3374,52405
23082,Linares,Nariño,26,26,5156,8449,5050,60,34,12,1440,3610,52411
23085,Los Andes (sotomayor),Nariño,23,23,4356,7295,4207,95,43,11,859,3348,52418
23088,Magui (payan),Nariño,22,26,2367,6551,2308,28,24,7,319,1989,52427
23091,Mallama (piedrancha),Nariño,20,20,3068,6031,2983,55,16,14,429,2554,52435
23094,Mosquera,Nariño,22,24,2207,6011,2172,14,16,5,197,1975,52473
23096,Nariño,Nariño,16,16,3038,5736,2884,97,47,10,1089,1795,52480
23095,Olaya Herrera,Nariño,28,41,3490,13897,3385,51,41,13,516,2869,52490
23097,Ospina,Nariño,18,18,2901,5729,2748,111,31,11,1272,1476,52506
23001,Pasto,Nariño,703,763,158787,287326,150875,5532,2239,141,43553,107322,52001
23098,Policarpa,Nariño,30,30,4895,9527,4835,29,25,6,227,4608,52540
23100,Potosi,Nariño,31,32,5132,9625,4931,134,49,18,1930,3001,52560
23101,Providencia,Nariño,13,13,2775,4509,2729,32,8,6,298,2431,52565
23103,Puerres,Nariño,22,22,4668,7693,4490,114,53,11,1616,2874,52573
23106,Pupiales,Nariño,35,39,7314,14632,6907,263,127,17,2940,3967,52585
23109,Ricaurte,Nariño,45,48,6496,14924,6323,86,55,32,903,5420,52612
23112,Roberto Payan (san Jose),Nariño,13,32,1230,8449,1200,15,10,5,263,937,52621
23115,Samaniego,Nariño,68,71,10714,22102,10457,133,114,10,1429,9028,52678
23120,San Bernardo,Nariño,17,17,4115,6356,3976,102,26,11,2571,1405,52685
23121,San Lorenzo,Nariño,36,37,6726,12873,6462,139,103,22,2840,3622,52687
23124,San Pablo,Nariño,34,35,6019,11453,5851,102,46,20,1720,4131,52693
23123,San Pedro De Cartago,Nariño,15,15,3350,5407,3226,82,36,6,2283,943,52694
23118,Sandona,Nariño,46,47,8792,16210,8414,239,112,27,2939,5475,52683
23125,Santa Barbara (iscuande),Nariño,25,26,1833,7351,1778,23,25,7,631,1147,52696
23127,Santacruz (guachaves),Nariño,22,23,3721,7035,3655,40,22,4,378,3277,52699
23130,Sapuyes,Nariño,14,16,2859,5577,2785,54,15,5,1157,1628,52720
23133,Taminango,Nariño,38,40,7240,13518,7124,75,32,9,1237,5887,52786
23136,Tangua,Nariño,32,32,4819,9734,4631,94,82,12,1733,2898,52788
23139,Tumaco,Nariño,359,438,42717,124028,41083,828,675,131,22548,18535,52835
23142,Tuquerres,Nariño,96,100,18091,34523,17359,382,294,56,4222,13137,52838
23145,Yacuanquer,Nariño,25,25,4908,8329,4682,135,74,17,1545,3137,52885
25004,Abrego,Norte De San,70,70,12406,22012,12012,294,84,16,10551,1461,54003
25007,Arboledas,Norte De San,22,22,4349,6945,4181,110,41,17,3795,386,54051
25010,Bochalema,Norte De San,19,19,4156,6419,4002,119,27,8,3561,441,54099
25013,Bucarasica,Norte De San,13,13,2200,4112,2130,47,15,8,1983,147,54109
25019,Cachira,Norte De San,25,25,4069,6987,3988,58,22,1,3719,269,54128
25016,Cacota,Norte De San,7,7,1468,2215,1409,45,12,2,1299,110,54125
25028,Chinacota,Norte De San,34,34,8174,12505,7719,359,85,11,6522,1197,54172
25031,Chitaga,Norte De San,25,25,5020,7993,4854,111,44,11,4433,421,54174
25022,Convencion,Norte De San,48,48,5286,15325,4993,179,87,27,2943,2050,54206
25001,Cucuta,Norte De San,1443,1447,315477,552597,296586,15178,3191,522,249526,47060,54001
25025,Cucutilla,Norte De San,18,18,3985,6215,3830,91,46,18,3464,366,54223
25034,Durania,Norte De San,14,14,2526,4397,2406,75,42,3,2133,273,54239
25037,El Carmen,Norte De San,36,37,4190,9791,4003,131,50,6,3069,934,54245
25036,El Tarra,Norte De San,30,35,4302,12101,4143,102,49,8,572,3571,54250
25038,El Zulia,Norte De San,57,57,11470,20925,10986,336,127,21,9527,1459,54261
25040,Gramalote,Norte De San,14,14,3244,5046,3142,70,25,7,2874,268,54313
25043,Hacari,Norte De San,23,23,2867,7005,2769,58,30,10,586,2183,54344
25046,Herran,Norte De San,11,11,1962,3871,1917,32,8,5,1796,121,54347
25051,La Esperanza,Norte De San,28,29,4637,8797,4474,105,47,11,3614,860,54385
25052,La Playa,Norte De San,20,20,2825,6696,2732,52,39,2,2058,674,54398
25049,Labateca,Norte De San,15,15,2658,5032,2547,79,24,8,2275,272,54377
25054,Los Patios,Norte De San,204,206,39400,80432,37395,1546,436,23,31224,6171,54405
25055,Lourdes,Norte De San,9,9,2140,3253,2083,39,15,3,2021,62,54418
25058,Mutiscua,Norte De San,8,8,1796,2696,1744,38,9,5,1656,88,54480
25061,Ocaña,Norte De San,200,202,43926,79284,41883,1530,478,35,30857,11026,54498
25064,Pamplona,Norte De San,108,109,27705,45883,25616,1534,523,32,17217,8399,54518
25067,Pamplonita,Norte De San,11,11,2782,3892,2662,75,35,10,2489,173,54520
25069,Puerto Santander,Norte De San,39,39,5570,14624,5434,86,39,11,4907,527,54553
25070,Ragonvalia,Norte De San,21,21,3371,7514,3304,48,17,2,3098,206,54599
25073,Salazar,Norte De San,26,26,4851,8118,4672,111,58,10,4302,370,54660
25076,San Calixto,Norte De San,25,27,2976,7060,2728,43,35,170,194,2534,54670
25079,San Cayetano,Norte De San,24,24,3799,8291,3658,102,35,4,3225,433,54673
25082,Santiago,Norte De San,11,11,1923,3511,1850,58,11,4,1609,241,54680
25085,Sardinata,Norte De San,60,61,7940,17550,7544,260,109,27,6487,1057,54720
25088,Silos,Norte De San,13,13,2801,4074,2725,61,12,3,2618,107,54743
25091,Teorama,Norte De San,30,30,4184,9758,4022,107,36,19,843,3179,54800
25093,Tibu,Norte De San,98,100,15001,35411,14067,580,298,56,7717,6350,54810
25094,Toledo,Norte De San,37,37,6791,12050,6471,205,94,21,5787,684,54820
25097,Villa Caro,Norte De San,11,11,2218,3699,2167,36,12,3,2087,80,54871
25100,Villa Del Rosario,Norte De San,201,202,39873,81871,38368,1159,312,34,33998,4370,54874
64007,Colon,Putumayo,13,13,2547,4282,2456,70,14,7,1026,1430,86219
64001,Mocoa,Putumayo,95,101,19758,36706,18975,516,249,18,5854,13121,86001
64023,Orito,Putumayo,72,73,14062,26157,13709,205,130,18,1783,11926,86320
64002,Puerto Asis,Putumayo,123,124,20030,43672,18973,675,325,57,6183,12790,86568
64026,Puerto Caicedo,Putumayo,21,27,3514,9108,3370,73,63,8,449,2921,86569
64025,Puerto Guzman,Putumayo,33,35,4579,11029,4384,127,55,13,1714,2670,86571
64004,Puerto Leguizamo,Putumayo,42,42,5673,14418,5453,141,57,22,3259,2194,86573
64013,San Francisco,Putumayo,13,13,2711,4652,2584,96,27,4,1229,1355,86755
64018,San Miguel (la Dorada),Putumayo,23,33,3705,12018,3592,63,40,10,410,3182,86757
64016,Santiago,Putumayo,15,17,2537,5972,2454,45,33,5,913,1541,86760
64019,Sibundoy,Putumayo,27,28,6093,10478,5876,151,54,12,2082,3794,86749
64028,Valle Del Guamuez (la Hormiga),Putumayo,62,66,11289,23951,11020,174,84,11,1082,9938,86865
64030,Villagarzon,Putumayo,40,48,7897,17077,7393,269,212,23,2971,4422,86885
26001,Armenia,Quindio,669,669,141011,254451,128645,9352,2819,195,81919,46726,63001
26005,Buenavista,Quindio,8,8,1392,2795,1291,72,24,5,966,325,63111
26010,Calarca,Quindio,159,159,33659,59987,31049,1747,793,70,21710,9339,63130
26020,Circasia,Quindio,65,65,13471,22992,12502,651,288,30,8856,3646,63190
26025,Cordoba,Quindio,14,14,2653,5178,2447,122,80,4,1530,917,63212
26030,Filandia,Quindio,30,30,5836,10501,5404,292,128,12,4065,1339,63272
26040,Genova,Quindio,20,20,3871,7315,3644,138,78,11,2730,914,63302
26050,La Tebaida,Quindio,77,77,14991,28413,13659,752,534,46,8883,4776,63401
26060,Montenegro,Quindio,87,87,17349,33944,15808,914,571,56,11912,3896,63470
26070,Pijao,Quindio,19,19,3214,6052,3033,115,57,9,2324,709,63548
26080,Quimbaya,Quindio,77,77,15589,30348,14435,737,372,45,9711,4724,63594
26090,Salento,Quindio,18,18,3353,5883,3127,175,44,7,2367,760,63690
24008,Apia,Risaralda,30,30,5774,10397,5411,215,129,19,4426,985,66045
24013,Balboa,Risaralda,17,17,2807,5653,2591,125,72,19,2008,583,66075
24021,Belen De Umbria,Risaralda,59,59,11426,21454,10764,443,190,29,8873,1891,66088
24025,Dosquebradas,Risaralda,425,425,90338,160430,82575,5347,2117,299,52025,30550,66170
24029,Guatica,Risaralda,29,29,5746,10326,5433,216,79,18,4307,1126,66318
24038,La Celia,Risaralda,17,17,3550,6497,3335,118,83,14,2693,642,66383
24046,La Virginia,Risaralda,77,77,15814,31770,14468,876,431,39,10084,4384,66400
24054,Marsella,Risaralda,44,44,8226,15639,7673,350,158,45,5757,1916,66440
24062,Mistrato,Risaralda,31,31,5883,11324,5565,163,132,23,3134,2431,66456
24001,Pereira,Risaralda,1052,1052,221466,404790,203230,13196,4572,468,128396,74834,66001
24070,Pueblo Rico,Risaralda,28,28,4775,9619,4619,85,57,14,2067,2552,66572
24078,Quinchia,Risaralda,54,54,10944,20038,9858,503,444,139,6052,3806,66594
24086,Santa Rosa De Cabal,Risaralda,147,147,35908,61483,32951,2016,860,81,22814,10137,66682
24094,Santuario,Risaralda,36,36,5844,12124,5440,260,108,36,4631,809,66687
56004,Providencia,San Andres,11,11,1385,4146,1336,43,3,3,945,391,88564
56001,San Andres,San Andres,113,113,13916,44371,13249,571,79,17,8358,4891,88001
27004,Aguada,Santander,4,4,839,1520,808,23,6,2,675,133,68013
27007,Albania,Santander,12,12,1658,3314,1593,43,17,5,1177,416,68020
27010,Aratoca,Santander,18,18,3413,6604,3215,145,45,8,2307,908,68051
27013,Barbosa,Santander,67,67,13953,24767,13140,582,220,11,6822,6318,68077
27016,Barichara,Santander,18,18,4014,6530,3779,200,32,3,2867,912,68079
27019,Barrancabermeja,Santander,453,465,95843,168901,90907,3087,1751,98,32253,58654,68081
27022,Betulia,Santander,13,13,2373,4300,2239,95,36,3,1675,564,68092
27025,Bolivar,Santander,29,29,4229,8215,4027,115,72,15,2784,1243,68101
27001,Bucaramanga,Santander,1315,1327,292270,494283,272910,15587,3532,241,166283,106627,68001
27028,Cabrera,Santander,5,5,942,1660,916,22,2,2,819,97,68121
27031,California,Santander,5,5,1173,1688,1114,41,16,2,1000,114,68132
27034,Capitanejo,Santander,13,13,2514,4816,2413,64,33,4,2088,325,68147
27037,Carcasi,Santander,15,15,2070,3591,1959,60,42,9,1675,284,68152
27040,Cepita,Santander,10,10,1196,1843,1153,31,8,4,983,170,68160
27043,Cerrito,Santander,13,13,2872,4825,2689,125,51,7,2299,390,68162
27061,Charala,Santander,26,27,5128,9649,4856,192,70,10,3271,1585,68167
27064,Charta,Santander,11,12,2119,3378,2060,41,16,2,1858,202,68169
27067,Chima,Santander,7,7,1276,2424,1171,69,26,10,922,249,68176
27070,Chipata,Santander,12,12,1819,4399,1711,65,36,7,1072,639,68179
27045,Cimitarra,Santander,79,82,13371,28148,12384,478,315,194,8271,4113,68190
27046,Concepcion,Santander,17,17,2742,4911,2562,128,41,11,2040,522,68207
27049,Confines,Santander,7,7,1583,2494,1534,38,9,2,1329,205,68209
27052,Contratacion,Santander,9,9,1687,2875,1566,88,26,7,1207,359,68211
27055,Coromoro,Santander,13,13,2597,4158,2486,68,33,10,2078,408,68217
27058,Curiti,Santander,27,27,5583,8820,5288,214,67,14,3822,1466,68229
27071,El Carmen,Santander,34,34,6236,10891,5939,196,89,12,5331,608,68245
27073,El Guacamayo,Santander,5,5,887,1613,830,46,9,2,717,113,68245
27075,El Peñon,Santander,15,15,1802,3604,1707,58,32,5,1228,479,68250
27074,El Playon,Santander,37,39,6019,11707,5740,167,97,15,4809,931,68255
27076,Encino,Santander,7,7,1162,2131,1116,34,8,4,930,186,68264
27079,Enciso,Santander,14,14,1810,3210,1711,72,25,2,1394,317,68266
27080,Florian,Santander,17,17,2461,5330,2376,57,22,6,1474,902,68271
27082,Floridablanca,Santander,501,517,121582,191619,113768,6164,1567,83,71927,41841,68276
27085,Galan,Santander,12,12,1514,2498,1465,36,8,5,1278,187,68296
27088,Gambita,Santander,10,10,1832,3225,1760,47,14,11,1468,292,68298
27091,Giron,Santander,313,314,69573,114158,65070,3396,1042,65,41903,23167,68307
27094,Guaca,Santander,20,20,3119,5258,2985,86,41,7,2543,442,68318
27097,Guadalupe,Santander,13,14,2434,4235,2337,67,27,3,1991,346,68320
27100,Guapota,Santander,6,6,1136,1853,1076,36,22,2,924,152,68322
27103,Guavata,Santander,12,12,2210,4426,2108,63,34,5,1198,910,68324
27106,Guepsa,Santander,11,11,2152,4181,2022,91,31,8,1107,915,68327
27109,Hato,Santander,4,5,790,1817,721,35,30,4,449,272,68344
27112,Jesus Maria,Santander,10,10,1707,3386,1640,35,27,5,1001,639,68368
27115,Jordan,Santander,5,5,789,1203,771,13,4,1,702,69,68370
27119,La Belleza,Santander,16,16,3053,5501,2952,80,18,3,2465,487,68377
27118,La Paz,Santander,13,13,2041,4060,1907,95,26,13,1585,322,68397
27120,Landazuri,Santander,29,29,4676,9634,4370,171,117,18,3021,1349,68385
27121,Lebrija,Santander,87,88,19300,31131,18306,701,275,18,14683,3623,68406
27124,Los Santos,Santander,25,25,5617,8874,5230,256,109,22,4332,898,68418
27127,Macaravita,Santander,6,6,1146,2224,1110,26,8,2,980,130,68425
27130,Malaga,Santander,46,46,9371,15601,8770,429,159,13,6379,2391,68432
27133,Matanza,Santander,16,16,3054,4955,2938,76,34,6,2494,444,68444
27136,Mogotes,Santander,24,24,4232,7555,3932,183,102,15,3173,759,68464
27139,Molagavita,Santander,16,16,2143,3663,2054,65,21,3,1869,185,68468
27142,Ocamonte,Santander,10,10,2291,3826,2215,55,20,1,1890,325,68498
27145,Oiba,Santander,23,23,5130,8715,4857,194,70,9,3749,1108,68500
27148,Onzaga,Santander,13,13,1919,3662,1813,57,34,15,1535,278,68502
27151,Palmar,Santander,5,5,831,1440,799,19,13,0,551,248,68522
27154,Palmas Del Socorro,Santander,7,7,1464,2453,1410,40,12,2,1185,225,68524
27157,Paramo,Santander,10,10,2330,3351,2212,95,19,4,1848,364,68533
27160,Piedecuesta,Santander,293,299,68426,107636,64037,3107,1216,66,40950,23087,68547
27163,Pinchote,Santander,9,9,2129,3333,2015,101,13,0,1417,598,68549
27166,Puente Nacional,Santander,40,40,6800,12660,6502,200,89,9,3677,2825,68572
27167,Puerto Parra,Santander,17,17,3044,5738,2942,53,43,6,2047,895,68573
27169,Puerto Wilches,Santander,66,70,11589,23040,11118,285,172,14,5854,5264,68575
27172,Rionegro,Santander,70,70,12282,22282,11675,371,208,28,9291,2384,68615
27174,Sabana De Torres,Santander,58,58,11527,21386,10864,383,263,17,7300,3564,68655
27175,San Andres,Santander,26,26,3774,6790,3574,132,57,11,2833,741,68669
27178,San Benito,Santander,9,9,1401,3121,1345,42,12,2,1060,285,68673
27181,San Gil,Santander,116,117,24990,41245,23340,1280,352,18,13870,9470,68679
27184,San Joaquin,Santander,6,6,1218,2230,1157,36,18,7,981,176,68682
27187,San Jose De Miranda,Santander,14,14,2550,4083,2462,64,18,6,2151,311,68684
27190,San Miguel,Santander,10,10,1238,2171,1199,25,12,2,995,204,68686
27193,San Vicente De Chucuri,Santander,72,72,12783,24310,11928,477,200,178,8673,3255,68689
27195,Santa Barbara,Santander,7,7,1339,2061,1293,32,11,3,860,433,68705
27194,Santa Helena Del Opon,Santander,10,10,1586,3093,1470,86,26,4,1223,247,68720
27196,Simacota,Santander,18,18,3379,5972,3159,145,65,10,2222,937,68745
27199,Socorro,Santander,65,65,14498,23946,13674,628,185,11,9696,3978,68755
27202,Suaita,Santander,25,25,4261,8244,3955,187,107,12,2955,1000,68770
27205,Sucre,Santander,21,21,2874,5667,2747,87,32,8,2199,548,68773
27208,Surata,Santander,11,11,2014,3182,1931,58,21,4,1469,462,68780
27211,Tona,Santander,16,16,3079,5154,2917,115,45,2,2417,500,68820
27217,Valle De San Jose,Santander,14,14,3032,4746,2888,109,30,5,2111,777,68855
27220,Velez,Santander,46,46,8789,16125,8160,435,168,26,4643,3517,68861
27219,Vetas,Santander,4,4,1031,1443,996,23,12,0,927,69,68867
27221,Villanueva,Santander,17,17,3969,6446,3735,189,34,11,3033,702,68872
27223,Zapatoca,Santander,21,21,4321,7494,4129,158,31,3,3230,899,68895
28010,Buenavista,Sucre,26,26,4679,9865,4571,75,23,10,2229,2342,70110
28020,Caimito,Sucre,29,29,4894,9281,4827,36,18,13,1611,3216,70124
28045,Chalan,Sucre,13,13,2436,4554,2412,14,8,2,1485,927,70230
28030,Coloso (ricaurte),Sucre,21,21,4115,7249,4044,38,20,13,2203,1841,70204
28040,Corozal,Sucre,121,122,26546,46732,25961,412,156,17,11533,14428,70215
28041,Coveñas,Sucre,33,33,6178,11979,6040,76,53,9,3210,2830,70221
28042,El Roble,Sucre,27,27,4826,8219,4774,27,19,6,1807,2967,70233
28048,Galeras (nueva Granada),Sucre,46,46,8850,16567,8607,151,67,25,6164,2443,70235
28049,Guaranda,Sucre,40,40,6204,13259,6117,44,37,6,5026,1091,70265
28050,La Union,Sucre,28,28,5091,9643,4992,51,32,16,1789,3203,70400
28055,Los Palmitos,Sucre,52,52,10956,18250,10816,91,39,10,3591,7225,70418
28060,Majagual,Sucre,81,82,14015,26747,13802,142,56,15,10883,2919,70429
28080,Morroa,Sucre,40,40,7785,13401,7641,78,54,12,3344,4297,70473
28100,Ovejas,Sucre,61,61,11287,20740,11135,92,37,23,5040,6095,70508
28120,Palmito,Sucre,30,30,5773,10139,5688,41,28,16,2661,3027,70523
28160,Sampues,Sucre,97,97,18560,32143,18117,238,164,41,8556,9561,70670
28180,San Benito Abad,Sucre,59,59,9259,19064,9155,49,44,11,5192,3963,70678
28190,San Juan De Betulia (betulia),Sucre,34,34,6582,11514,6485,61,32,4,2758,3727,70702
28200,San Marcos,Sucre,124,124,20099,43806,19631,264,161,43,10781,8850,70708
28220,San Onofre,Sucre,125,126,17396,42349,17083,133,135,45,7753,9330,70713
28240,San Pedro,Sucre,44,44,8658,16387,8483,108,49,18,4209,4274,70717
28260,Since,Sucre,75,75,13618,26060,13244,236,119,19,6940,6304,70742
28001,Sincelejo,Sucre,519,519,108116,199012,105173,1980,869,94,45607,59566,70001
28280,Sucre,Sucre,70,70,9986,20711,9860,86,24,16,7201,2659,70771
28300,Tolu,Sucre,64,64,11206,23358,10968,131,93,14,4116,6852,70820
28320,Toluviejo,Sucre,56,56,10166,18838,9961,134,53,18,5266,4695,70823
29004,Alpujarra,Tolima,13,13,2154,3632,2096,33,21,4,1820,276,73024
29007,Alvarado,Tolima,26,26,3991,8492,3801,108,65,17,2509,1292,73026
29010,Ambalema,Tolima,21,21,3183,6792,2996,102,80,5,1751,1245,73030
29013,Anzoategui,Tolima,22,22,3880,7761,3762,76,30,12,3117,645,73043
29016,Armero (guayabal),Tolima,27,28,4705,10041,4507,104,88,6,2582,1925,73055
29019,Ataco,Tolima,46,49,7323,14776,7180,89,45,9,6301,879,73067
29022,Cajamarca,Tolima,43,44,8252,16346,7814,257,153,28,5636,2178,73124
29025,Carmen De Apicala,Tolima,23,23,5398,8825,5167,156,69,6,3954,1213,73148
29028,Casabianca,Tolima,15,15,2898,5181,2778,79,29,12,2348,430,73152
29040,Chaparral,Tolima,95,95,18142,38279,17327,506,273,36,13089,4238,73168
29031,Coello,Tolima,24,24,4003,8063,3759,173,58,13,2106,1653,73200
29034,Coyaima,Tolima,37,47,6167,17035,5986,66,75,40,3276,2710,73217
29037,Cunday,Tolima,23,23,3896,7005,3819,39,28,10,3180,639,73226
29043,Dolores,Tolima,22,22,3667,6748,3571,74,18,4,2933,638,73236
29046,Espinal,Tolima,110,156,23191,59094,21841,876,442,32,15156,6685,73268
29049,Falan,Tolima,16,16,3030,5828,2889,79,46,16,1922,967,73270
29052,Flandes,Tolima,38,47,7920,17696,7495,220,189,16,5250,2245,73275
29055,Fresno,Tolima,72,73,13081,26227,12368,445,232,36,10111,2257,73283
29058,Guamo,Tolima,71,73,13185,25524,12647,307,207,24,9932,2715,73319
29061,Herveo,Tolima,19,19,2960,5801,2811,82,57,10,2346,465,73347
29064,Honda,Tolima,53,54,11160,22774,10388,466,288,18,6479,3909,73349
29001,Ibague,Tolima,1047,1056,246211,405893,229412,12238,4357,204,146297,83115,73001
29067,Icononzo,Tolima,25,25,4508,8747,4324,116,57,11,2500,1824,73352
29070,Lerida,Tolima,38,43,6779,15216,6464,186,118,11,3708,2756,73408
29073,Libano,Tolima,79,81,16017,32618,15235,459,288,35,9235,6000,73411
29076,Mariquita,Tolima,79,79,15060,28983,13923,703,392,42,9257,4666,73443
29079,Melgar,Tolima,77,77,16307,28370,15501,545,250,11,12347,3154,73449
29080,Murillo,Tolima,11,11,1771,3736,1679,47,41,4,1258,421,73461
29082,Natagaima,Tolima,42,42,7184,15170,6898,189,81,16,3768,3130,73483
29085,Ortega,Tolima,68,70,11737,23436,11317,191,174,55,7852,3465,73504
29087,Palocabildo,Tolima,19,20,3730,7632,3579,100,41,10,2720,859,73520
29088,Piedras,Tolima,17,17,2981,5783,2786,110,74,11,1449,1337,73547
29089,Planadas,Tolima,55,56,9265,20156,8766,274,199,26,6510,2256,73555
29091,Prado,Tolima,24,24,4196,7870,4075,82,33,6,3180,895,73563
29094,Purificacion,Tolima,54,57,10037,20169,9549,279,187,22,5306,4243,73585
29097,Rioblanco,Tolima,41,46,6185,15831,5955,132,80,18,4961,994,73616
29100,Roncesvalles,Tolima,12,12,2047,4241,1941,73,27,6,1602,339,73622
29103,Rovira,Tolima,60,60,9183,19484,8825,210,129,19,7406,1419,73624
29105,Saldaña,Tolima,34,34,6468,12628,6129,198,129,12,4337,1792,73671
29106,San Antonio,Tolima,28,28,5502,10091,5353,98,46,5,4726,627,73675
29109,San Luis,Tolima,33,33,6646,11257,6416,127,87,16,5262,1154,73678
29112,Santa Isabel,Tolima,19,19,2867,5851,2788,47,27,5,2376,412,73686
29115,Suarez,Tolima,12,13,2187,4475,2114,36,32,5,1691,423,73770
29118,Valle De San Juan,Tolima,15,15,2808,4898,2730,52,19,7,2398,332,73854
29121,Venadillo,Tolima,34,34,6075,11811,5828,141,96,10,3947,1881,73861
29124,Villahermosa,Tolima,24,24,3628,6987,3520,67,33,8,2989,531,73870
29127,Villarrica,Tolima,16,16,2584,5043,2524,41,10,9,2121,403,73873
31004,Alcala,Valle,32,32,5317,11534,4984,189,128,16,3430,1554,76020
31007,Andalucia,Valle,54,54,9556,19464,8956,377,195,28,4061,4895,76036
31010,Ansermanuevo,Valle,61,61,8293,19173,7860,251,127,55,6521,1339,76041
31013,Argelia,Valle,19,20,2609,6269,2492,85,27,5,2103,389,76054
31016,Bolivar,Valle,43,43,6876,13339,6562,196,105,13,4876,1686,76100
31019,Buenaventura,Valle,595,602,88315,222511,84477,1733,1866,239,22979,61498,76109
31022,Buga,Valle,276,276,55963,102243,51723,2874,1292,74,22870,28853,76111
31025,Bugalagrande,Valle,61,61,10250,19444,9724,284,228,14,3812,5912,76113
31028,Caicedonia,Valle,80,80,13808,27749,12985,507,282,34,9735,3250,76122
31001,Cali,Valle,4242,4286,844359,1679894,790762,41348,11389,860,349166,441596,76001
31040,Calima (darien),Valle,48,48,6686,14169,6249,266,154,17,3610,2639,76126
31031,Candelaria,Valle,186,186,35946,71375,33389,1493,993,71,11036,22353,76130
31034,Cartago,Valle,300,301,55744,113031,51517,2887,1078,262,34361,17156,76147
31037,Dagua,Valle,107,107,16372,35492,15529,517,279,47,10429,5100,76233
31043,El Aguila,Valle,32,32,4039,7872,3824,118,82,15,3278,546,76243
31046,El Cairo,Valle,22,22,2974,6654,2789,77,24,84,2325,464,76246
31049,El Cerrito,Valle,139,139,27049,52880,25427,1013,568,41,8416,17011,76248
31052,El Dovio,Valle,34,34,4765,9809,4532,145,74,14,3313,1219,76250
31055,Florida,Valle,137,137,26039,50826,24589,879,525,46,7199,17390,76275
31058,Ginebra,Valle,49,49,9361,16984,8754,379,207,21,4728,4026,76306
31061,Guacari,Valle,79,79,14931,27979,14116,451,337,27,5194,8922,76318
31064,Jamundi,Valle,263,272,49482,103414,46300,2224,893,65,18884,27416,76364
31067,La Cumbre,Valle,38,38,6296,13134,5967,218,102,9,3711,2256,76377
31070,La Union,Valle,75,77,14943,26664,13921,694,311,17,10957,2964,76400
31073,La Victoria,Valle,34,34,5952,11645,5621,219,103,9,4276,1345,76403
31076,Obando,Valle,33,33,5313,11027,4996,167,131,19,2753,2243,76497
31079,Palmira,Valle,712,720,133471,265630,123923,6762,2586,200,50507,73416,76520
31082,Pradera,Valle,114,117,19970,40248,18701,750,484,35,6603,12098,76563
31085,Restrepo,Valle,49,49,6562,15335,6116,273,156,17,4065,2051,76606
31088,Riofrio,Valle,45,45,7740,15730,7219,305,195,21,4673,2546,76616
31091,Roldanillo,Valle,92,92,16165,28848,15110,732,298,25,10046,5064,76622
31094,San Pedro,Valle,47,47,7288,14788,6777,318,184,9,3625,3152,76670
31097,Sevilla,Valle,103,104,17500,37297,16195,805,431,69,10676,5519,76736
31100,Toro,Valle,40,40,5930,12674,5646,174,96,14,4479,1167,76823
31103,Trujillo,Valle,49,49,8076,15806,7669,257,129,21,5760,1909,76828
31106,Tulua,Valle,420,428,83751,161358,77477,4251,1899,124,42592,34885,76834
31109,Ulloa,Valle,14,16,1731,4612,1626,62,40,3,1107,519,76845
31112,Versalles,Valle,31,31,3787,7895,3617,107,58,5,2985,632,76863
31115,Vijes,Valle,32,32,5348,10596,5120,122,97,9,2773,2347,76869
31118,Yotoco,Valle,45,45,6830,14544,6323,317,171,19,3214,3109,76890
31121,Yumbo,Valle,260,266,50086,99517,47259,1819,943,65,15440,31819,76892
31124,Zarzal,Valle,103,103,19136,37163,17993,676,428,39,6709,11284,76895
68013,Buenos Aires (pacoa),Vaupes,4,4,167,1129,165,1,1,0,73,92,97511
68004,Caruru,Vaupes,5,5,670,1674,658,6,6,0,252,406,97161
68001,Mitu,Vaupes,43,47,6184,16148,6012,118,45,9,2277,3735,97001
68010,Morichal (papunagua),Vaupes,1,1,28,103,28,0,0,0,8,20,97777
68017,Taraira,Vaupes,5,5,356,1466,352,4,0,0,155,197,97666
68022,Yavarate,Vaupes,4,4,314,1017,307,5,2,0,161,146,97889
72006,Cumaribo,Vichada,56,58,4545,19585,4390,95,49,11,1413,2977,99773
72008,La Primavera,Vichada,23,23,3329,7116,3229,79,16,5,2768,461,99524
72001,Puerto Carreño,Vichada,53,53,6604,18553,6301,217,73,13,4721,1580,99001
72002,Santa Rosalia,Vichada,10,10,1462,3197,1426,33,3,0,1216,210,99624
